Job_title,Company_name,Company_rating,Company_location,Estimated_salary
"Senior Manager, Enterprise Analytics",Indeed,4.3,"Remote in New York, NY",
GUCCI Advanced Analytics Specialist - Supply Chain,Gucci America Inc,4,"New York, NY",Estimated $42.1K   $53.3K a year
Chase Data & Analytics is Hiring!,"JPMorgan Chase Bank, N.A.",3.9,"New York, NY",
People Analytics Analyst,The New York Public Library,4.1,"Hybrid remote in New York, NY",
"2022 Summer Analyst–Bus. Innov., Data Govern. & Analytics &...",TD Bank,3.8,"New York, NY",
Sr QA Analyst,,,"New York, NY",
Analyst for the Division of Strategic Operations & Analytics,,,"New York, NY",
Data Analyst,TikTok,3.4,"New York, NY",Estimated $73.2K   $92.8K a year
Head of Data & Analytics,Yieldstreet,3.3,"New York, NY",Estimated $102K   $129K a year
Data Analytics and Visualization Bootcamp Instructor,,,"New York, NY",
"Vice President, Data Analytics",Finra,3.8,"New York, NY",
Analyst | ECONOMIC DEVELOPMENT,,,"Manhattan, NY",
"Director, Insurance Data Analytics - Remote",DW Simpson,4.5,"Remote in New York, NY",
"Data Analytics Manager, Royalty Analytics & Data",Spotify,4.3,"New York, NY",Estimated $105K   $133K a year
Junior Data Scientist Apprentice,IBM,3.9,"New York, NY",
"Data Analytics Manager, Royalty Analytics & Data",Spotify,4.3,"New York, NY",Estimated $105K   $133K a year
Junior Data Scientist Apprentice,IBM,3.9,"New York, NY",
"Director, Insurance Data Analytics - Remote",DW Simpson,4.5,"Remote in New York, NY",
"EVP, Analytics",Ketchum,3.8,"New York, NY",Estimated $34.5K   $43.7K a year
"Strategic Data Analyst, Global Partnerships, Sellside Go-to-...",Google,4.3,"New York, NY",Estimated $67.2K   $85K a year
Family Office Business Analytics -,Morgan Stanley,3.8,"New York, NY",Estimated $55.6K   $70.4K a year
Data Analytics Team Lead,,,"Hybrid remote in New York, NY",
Analytics SME with Retail,,,"Temporarily Remote in New York, NY",
T/CIO - ALM Analytics Associate,"JPMorgan Chase Bank, N.A.",3.9,"New York, NY",
Analyst/Associate Global Industrials,Bank of America,3.8,"New York, NY",
"Sr Manager, Insights & Analytics",,,"New York, NY",Estimated $79.7K   $101K a year
Equity Derivatives Quant,"Jefferies & Company, Inc.",3.7,"New York, NY",
"Manager, Inventory Analytics",,,"New York, NY",Estimated $63K   $79.8K a year
Sr. Data Analyst - HR Analytics #PP,,,"Remote in New York, NY",
"Client Consulting Director, Visa Consulting & Analytics",Visa,3.9,"Hybrid remote in New York, NY",Estimated $118K   $150K a year
People Analytics Analyst,HealthFirst,3.4,"New York, NY",Estimated $65.9K   $83.5K a year
Audience Development & Analytics Coordinator,Marvel Entertainment,4,"New York, NY",Estimated $46.2K   $58.4K a year
People Analytics Partner,"Twitch Interactive, Inc.",3.5,"New York, NY",
Talent Analytics Manager - REMOTE,PREMISE HEALTH,3.3,"Remote in New York, NY",
Junior Modeling Quant,,,"New York, NY",Estimated $65.6K   $83K a year
Analyst - All Levels (US),ABI Research,4.5,"Remote in Manhattan, NY",Estimated $84.8K   $107K a year
"Director, Insurance Data Analytics - Remote",DW Simpson,4.5,"Remote in New York, NY",
"Analyst, Business Analytics",Brookfield Asset Management,3.6,"New York, NY",Estimated $78.4K   $99.2K a year
"Business Intelligence Analyst, Publisher Analytics, Online P...",Google,4.3,"New York, NY",Estimated $75.2K   $95.2K a year
Analyst | Anti-Corruption,,,"Manhattan, NY",
Performance Architect,Etsy,4.3,"Remote in Brooklyn, NY",
Event-Driven and Merger Arbitrage Junior Analyst,,,"New York, NY",
Analyst- Equity Structuring Desk,Bank of America,3.8,"New York, NY",
Head of International Analytics,Audible,4.1,"Newark, NJ",Estimated $104K   $132K a year
Portfolio Investment Analyst,,,"Hybrid remote in New York, NY",
Portfolio Investment Analyst,,,"Hybrid remote in New York, NY",
Head of Data & Analytics,,,"Remote in New York, NY",
Quantitative Analytics Macro Quant VP,Barclays,3.9,"New York, NY",Estimated $46.1K   $58.3K a year
Quantitative Researcher - Crypto Hedge Fund - Large comp pac...,,,"Remote in New York, NY",
Business Analyst CCAR / CCR,,,"Temporarily Remote in New York, NY",
"Specialist, Digital Analytics",Chanel,4.1,"New York, NY",Estimated $48.3K   $61.1K a year
"Data Scientist, Analytics - Trust & Safety",TikTok,3.4,"New York, NY",
"Director, Insurance Data Analytics - Remote",DW Simpson,4.5,"Remote in New York, NY",
Regional Analytics Manager,H&M,3.7,"New York, NY",
Elite Investment Bank - Analysts & Associates,Cadence Counsel,3.8,"New York, NY",
Data Modeler / Researcher,,,"Temporarily Remote in Brooklyn, NY",
Reporting & Analytics Support,Morgan Stanley,3.8,"New York, NY",Estimated $66.5K   $84.3K a year
"Analytics Lead, NA SMB",TikTok,3.4,"New York, NY",Estimated $75.5K   $95.5K a year
Director of Consumer Insights and Analytics,Alexander Wang,3.4,"New York, NY",
Market Research Analyst (New York),,,"New York, NY",
Marketing Analytics Analyst,,,"New York, NY",Estimated $86.8K   $110K a year
"Data Analytics Program Manager, Google Career Certificates",Google,4.3,"New York, NY",
"Opportunities Analyst, YouTube",YouTube,4.4,"New York, NY",
"Analyst, CRM- the Americas",Tiffany & Co,3.7,"New York, NY",Estimated $50.7K   $64.1K a year
Analyst | Police,,,"Manhattan, NY",
Business Analyst,Anheuser-Busch,3.7,"New York, NY",
"Director, Insurance Data Analytics - Remote",DW Simpson,4.5,"Remote in New York, NY",
Marketing Analytics Manager,the NBA,4.2,"New York, NY",Estimated $115K   $146K a year
QA Analyst,,,"New York, NY",
Financial Analyst (Player Budget),Major League Soccer,4,"New York, NY",
User Communications Insights Analyst,TikTok,3.4,"New York, NY",Estimated $50.6K   $64K a year
JR Business Analyst,Lumenor Consulting Group,5,"New York, NY",
City Financial Analytics Manager,ConnectiCare,3.3,"New York, NY",Estimated $107K   $135K a year
"Senior Financial Analyst, Disney+ Tactical Opportunities",,,"New York, NY",
Policy Analyst,,,"Remote in New York, NY",
"Manager, Revenue Analytics",,,"New York, NY",Estimated $78.9K   $99.9K a year
Analyst | Transportation,,,"Manhattan, NY",
Equity Derivatives Quantitative Analyst,Credit Suisse,3.9,"New York, NY",
Analyst | Environmental Sustainability and Resiliency,,,"Manhattan, NY",
"Director, Insurance Data Analytics - Remote",DW Simpson,4.5,"Remote in New York, NY",
M&A Analyst Traineeship at Valtari,,,"New York, NY",
Adjunct Professor - Consumer Analytics,LIM College,4,"New York, NY",
Manager Business Analytics,ViacomCBS,3.9,"New York, NY",Estimated $109K   $138K a year
People Analytics Advisor,Morgan Stanley,3.8,"New York, NY",Estimated $40.1K   $50.7K a year
"Associate Dean, Analytics and Technology",New York University,4.2,"New York, NY",
"Research Analyst, MTV Entertainment Group",ViacomCBS,3.9,"New York, NY",Estimated $51.7K   $65.5K a year
Payroll and Benefits Delivery Analyst-South America - New Yo...,TikTok,3.4,"New York, NY",Estimated $60.4K   $76.4K a year
Associate Business Analyst,ViacomCBS,3.9,"New York, NY",Estimated $61.7K   $78.1K a year
"Analyst, Analytics",,,"New York, NY",Estimated $67K   $84.8K a year
Jira Admin-US Tech Services,TikTok,3.4,"New York, NY",Estimated $79.3K   $100K a year
Data Abstractor (SUDORS),,,"New York, NY",Estimated $77.7K   $98.3K a year
Cash Management Analyst,Barnes & Noble,3.8,"New York, NY",
"Director, Insurance Data Analytics - Remote",DW Simpson,4.5,"Remote in New York, NY",
"BROOKLYN NETS Manager, Research & Analytics",Brooklyn Sports & Entertainment,3.4,"Brooklyn, NY",Estimated $99K   $125K a year
Analyst | Parks,,,"Manhattan, NY",
Management and Programme Analyst (Temporary Job Opening) [Te...,United Nations,4.4,"New York, NY",Estimated $79.2K   $100K a year
"Analyst, Analytics- MMA",Ipsos North America,3.8,"New York, NY",Estimated $60.7K   $76.9K a year
Junior Analyst,BNY Mellon,3.5,"New York, NY",Estimated $58.5K   $74.1K a year
Equity Programs Analyst,Meta,4.1,"New York, NY",
KYC Operations Associate Analyst - East Coast Branches,Citi,3.9,"Queens, NY",Estimated $74.1K   $93.9K a year
"Adjunct Lecturer, Applied Analytics in the Organizational Co...",Columbia University,4.1,"New York, NY",
"Senior Analyst, Payment Analytics",The New York Times,4,"New York, NY",Estimated $89.5K   $113K a year
Quantitative Researcher,TikTok,3.4,"New York, NY",
Financial Analyst,Marvel Entertainment,4,"New York, NY",
"Analyst, Research & Analytics",,,"New York, NY",Estimated $72K   $91.2K a year
"Director, Insurance Data Analytics - Remote",DW Simpson,4.5,"Remote in New York, NY",
"Senior Manager, Risk & Operations Analytics",Etsy,4.3,"Remote in Brooklyn, NY",Estimated $165K   $209K a year
Junior Data Analyst,MealPal,4.1,"New York, NY",Estimated $76.5K   $96.9K a year
Data and Analytics Specialist,EquiLend,3,"New York, NY",Estimated $87.2K   $110K a year
"Manager, Strategy & Analytics",Columbia University,4.1,"New York, NY",Estimated $77.6K   $98.2K a year
"U.S. Lead, Client Insights & Analytics",Scotiabank,3.9,"New York, NY",Estimated $96.5K   $122K a year
"Vice President, Analytics- MMA",Ipsos North America,3.8,"New York, NY",Estimated $109K   $137K a year
Director of Affiliate Analytics,ACLU,4.3,"Remote in New York, NY",
"Associate Data Scientist, Content Business Analytics",Spotify,4.3,"New York, NY",
Financial Analyst,the NBA,4.2,"New York, NY",
"Manager, Data Analytics",Northwell Health,3.9,"Manhasset, NY",Estimated $93.3K   $118K a year
Data Analyst,Braintrust,4.5,"Remote in New York, NY",
Director of Quantitative Analytics (Remote),,,"Remote in New York, NY",Estimated $87.7K   $111K a year
"Manager, Database Analytics & Reporting",,,"Remote in New York, NY",Estimated $102K   $129K a year
ELEARNING DEVELOPER,,,"Brooklyn, NY",
"Director, Insurance Data Analytics - Remote",DW Simpson,4.5,"Remote in New York, NY",
MSIM Private Credit Analyst/Associate,Morgan Stanley,3.8,"New York, NY",
Financial Analytics Specialist - Remote Flexibility,Memorial Sloan Kettering Cancer Center,4.1,"New York, NY",Estimated $51.2K   $64.8K a year
Business Analysis,"JPMorgan Chase Bank, N.A.",3.9,"Jersey City, NJ",
Chargeback Specialist,,,"New York, NY",
"Manager, QA Analytics",NBCUniversal,4,"New York, NY",Estimated $36.4K   $46K a year
"INVESTMENT BANKING ANALYST - GAMING (NEW YORK, NEW YORK)",,,"New York, NY",
"User Experience Researcher, Growth",,,"New York, NY",
"Mktg. Analytics Program Mgr., B2B Payments and Lending",Amazon.com Services LLC,3.5,"New York, NY",
Label Operations Analyst,Spotify,4.3,"New York, NY",Estimated $47.4K   $60K a year
AUDIT ASSISTANT,United Nations,4.4,"New York, NY",Estimated $57.8K   $73.2K a year
VP Market Risk Analytics,Morgan Stanley,3.8,"New York, NY",
"Sr. Analyst, Strategic Analytics, Peacock",NBCUniversal,4,"New York, NY",Estimated $41.7K   $52.7K a year
2022 Corporate & Investment Bank - Investment Banking Analys...,"JPMorgan Chase Bank, N.A.",3.9,"New York, NY",
Sales Operations & Analytics Manager - Global,TikTok,3.4,"New York, NY",
Sales Operations & Analytics Manager - Global,TikTok,3.4,"New York, NY",
"Specialist, eCommerce Operations & Analysis",Chanel,4.1,"New York, NY",Estimated $38.9K   $49.3K a year
Administrator,,,"Queens, NY",
"Director, Insurance Data Analytics - Remote",DW Simpson,4.5,"Remote in New York, NY",
Financial Analyst I,Amex,4.1,"New York, NY",
Data Analytics Manager,,,"Brooklyn, NY",
Commercial Real Estate Analyst,,,"New York, NY",
DESRI Investment Team Analyst,"D. E. Shaw & Co., L.P.",4.1,"New York, NY",Estimated $51.7K   $65.5K a year
"Analytics Coordinator, Audience Insights",,,"Brooklyn, NY",Estimated $51.8K   $65.6K a year
Junior Financial Analyst,,,"New York, NY",
"Product Manager, Spotify for Artists, Artist Activation",Spotify,4.3,"Remote in New York, NY",
Strategy & Analytics Associate,HSBC,4,"New York, NY",Estimated $46K   $58.2K a year
"Senior Manager - Metrics and Analysis, Coverage and Audience...",The New York Times,4,"New York, NY",Estimated $116K   $147K a year
Quantitative Trader,"DV Trading, LLC",4.4,"New York, NY",
Junior Credit Analyst,,,"New York, NY",
Finance Project Analyst,Meta,4.1,"New York, NY",Estimated $84K   $106K a year
IT Desktop Support,,,"Manhattan, NY",
"Director, Insurance Data Analytics - Remote",DW Simpson,4.5,"Remote in New York, NY",
"VP, A&R Analytics",Sony Music Publishing (US) LLC,4.1,"New York, NY",Estimated $82.7K   $105K a year
FIC Data Analytics Strat - Analyst,Deutsche Bank,3.8,"New York, NY",Estimated $97.2K   $123K a year
Analyst | Data and Analytics Management,,,"Manhattan, NY",
"Mobile App Analytics and Growth Consultant, Firebase",Google,4.3,"New York, NY",Estimated $71.5K   $90.5K a year
Statistician,United Nations,4.4,"New York, NY",
Credit Analyst I (US),TD Bank,3.8,"New York, NY",
RESEARCH ANALYST,,,"Manhattan, NY",
NOC Engineer (Network Operation Center) - US Tech Service,TikTok,3.4,"New York, NY",Estimated $89K   $113K a year
Digital Analytics Lead,HelloFresh,3.1,"New York, NY",Estimated $99.9K   $126K a year
Consultant – Healthcare Claims Analytics,AArete,5,"Remote in New York, NY",Estimated $65.2K   $82.6K a year
"Product Analyst, TikTok Ads",TikTok,3.4,"New York, NY",Estimated $69.7K   $88.3K a year
Administrative Procurement Analyst (Non-Managerial),,,"New York, NY",
"Director, Insurance Data Analytics - Remote",DW Simpson,4.5,"Remote in New York, NY",
"Sr. Data Engineer, Analytics (Remote)",,,"Remote in New York, NY",Estimated $131K   $166K a year
US Equity - Portfolio Investment Assistant-Analyst,"JPMorgan Chase Bank, N.A.",3.9,"New York, NY",
"Graduate Analyst, Global Finance Rotation Program",Sony Music Entertainment US,4.3,"New York, NY",Estimated $71K   $90K a year
Analyst/Associate- ABS Banking,Bank of America,3.8,"New York, NY",
"Manager, Consumer Analytics",Major League Baseball,4.2,"New York, NY",Estimated $56.6K   $71.6K a year
Market and Economic Research Analyst,,,"New York, NY",
Demand Planning Analyst,Tiffany & Co,3.7,"New York, NY",Estimated $50.7K   $64.1K a year
Senior Business Intelligence Developer - Analytics,NewYork-Presbyterian Hospital,4.2,"Manhattan, NY",Estimated $100K   $127K a year
Junior Financial Analyst,Fox Corporation,4,"New York, NY",
Director & Counsel,Amex,4.1,"New York, NY",
"Associate Staff Analyst for LHD - Budget, Personnel, & Stati...",,,"Manhattan, NY",
Vice President - Analytics & Reporting - Firmwide Innovation,"JPMorgan Chase Bank, N.A.",3.9,"New York, NY",
Content Strategist,,,"Brooklyn, NY",
"Manager, Data Analytics Innovation",,,"New York, NY",Estimated $87.6K   $111K a year
Revenue Analyst,Margaritaville Resort Times Square,3.7,"New York, NY",
ASSOCIATE FINANCE AND BUDGET OFFICER,United Nations,4.4,"New York, NY",Estimated $44.8K   $56.8K a year
"Director, Insurance Data Analytics - Remote",DW Simpson,4.5,"Remote in New York, NY",
Counterparty Credit Risk Business Analyst,,,"New York, NY",
Research Assistant,,,"New York, NY",
"SVP, Investment Analytics",Global Atlantic Financial Group,3.2,"New York, NY",Estimated $79.3K   $100K a year
"Monetization & Operations Strategist, Americas",TikTok,3.4,"New York, NY",Estimated $32.3K   $40.9K a year
Analyst | TRANSIT (MTA and TLC),,,"Manhattan, NY",
BSA Analyst,"Infinity Consulting Solutions, Inc.",2,"New York, NY",Estimated $73.5K   $93.1K a year
Senior Data Analytics Manager,ASCAP,3.6,"New York, NY",Estimated $115K   $145K a year
Risk Reporting and Analytics Associate,Federal Reserve Bank of New York,4.1,"New York, NY",Estimated $98.1K   $124K a year
Manager of Media Insights & Analytics,"VIZIO, Inc.",3.6,"New York, NY",Estimated $95.3K   $121K a year
"Insights Manager, Creator Business Analysis",Spotify,4.3,"Remote in New York, NY",Estimated $104K   $132K a year
Senior Pension and Investments Analyst,,,"Manhattan, NY",
"Performance Product Specialist, Google Customer Solutions",Google,4.3,"New York, NY",
Associate Director - Strategy & Analytics (Business Intellig...,Mindshare,3.7,"New York, NY",Estimated $111K   $141K a year
"Manager, Data Analytics (Internal Audit & Risk Advisory)",Spotify,4.3,"Remote in New York, NY",Estimated $118K   $149K a year
"Director, Insurance Data Analytics - Remote",DW Simpson,4.5,"Remote in New York, NY",
Global Index Research - Fixed Income Analytics - Quantitativ...,"JPMorgan Chase Bank, N.A.",3.9,"New York, NY",
BUSINESS INITIATIVES MEASUREMENT ANALYST,DraftKings,4.1,"New York, NY",Estimated $56.7K   $71.7K a year
"Data Analyst - Opportunity for Working Remotely New York, NY",VMware,4.1,"Remote in New York, NY",Estimated $98.4K   $125K a year
Associates / Analysts,,,"New York, NY",Estimated $63.5K   $80.5K a year
Analytics Modelling Quant,LSEG (London Stock Exchange Group),3.7,"New York, NY",Estimated $48.3K   $61.1K a year
AWM - Liquidity Analytics & Methodology - Associate,"JPMorgan Chase Bank, N.A.",3.9,"New York, NY",
"Senior Analyst, Digital Analytics",Zenith,3.8,"New York, NY",Estimated $87.7K   $111K a year
Adjunct - BUS 101,Pace University,4.2,"New York, NY",Estimated $44.2K   $56K a year
Director- Contact Center Planning and Analytics,Thermo Fisher Scientific,3.5,"Remote in New York, NY",
Compliance Analyst,Millennium Management LLC,4.1,"New York, NY",Estimated $63.3K   $80.1K a year
"Senior Manager, Claims Analytics - Open to Remote",HealthFirst,3.4,"Remote in New York, NY",Estimated $125K   $158K a year
GLS US Analyst,Scotiabank,3.9,"New York, NY",Estimated $52.2K   $66K a year
"Analyst, Corporate Finance",AMC Networks Inc.,4.1,"New York, NY",
"Director, Insurance Data Analytics - Remote",DW Simpson,4.5,"Remote in New York, NY",
"Analyst, Budget",,,"New York, NY",Estimated $59.7K   $75.5K a year
"Lecturer, Analytics Frameworks & Methods I",Columbia University,4.1,"New York, NY",
"Data Scientist, Game Analytics & Strategy",the NBA,4.2,"New York, NY",
Business Data Analytics,Luxottica,3.6,"New York, NY",Estimated $67.9K   $85.9K a year
Information Systems Assistant,United Nations,4.4,"New York, NY",Estimated $48.9K   $61.9K a year
"People Analytics Lead, HRST People Analytics & Reporting",Deloitte,4,"New York, NY",Estimated $93.1K   $118K a year
Transformation Analyst - GBS,PepsiCo,3.8,"White Plains, NY",
Credit Analytics Manager,Octane,3.8,"New York, NY",
Business Intelligence/Analytics VP,Neuberger Berman,3.8,"New York, NY",Estimated $92.3K   $117K a year
Senior Manager - Digital Analytics,CVS Health,3.2,"New York, NY",
Business Intelligence Analyst,,,"Hybrid remote in New York, NY",
Service Desk Resolver Agent,,,"Brooklyn, NY",
"Sr. Analyst, Analytics & Strategy",Fundbox,4.3,"New York, NY",Estimated $66K   $83.6K a year
Analyst | Correction,,,"Manhattan, NY",
US Credit Analyst,Barclays,3.9,"New York, NY",
"Director, Insurance Data Analytics - Remote",DW Simpson,4.5,"Remote in New York, NY",
"Problem Loan Management (Workout) - Reporting and Analytics,...",First Citizens Bank,3.5,"New York, NY",
Investment Analyst 投资分析师 H1B Available,,,"Jersey City, NJ",
Director - Digital Analytics,CVS Health,3.2,"Remote in New York, NY",
Data Accuracy Specialist (Per-Diem),,,"Manhattan, NY",
Market Research Analyst – Quantitative Research & Analytics...,Corporate Insight,3.2,"New York, NY",
"Manager, Research & Analytics",BSE Global,4.2,"Brooklyn, NY",Estimated $99K   $125K a year
Deutsche Bank Analyst Programme - International Private Bank...,Deutsche Bank,3.8,"New York, NY",
Analyst Associated,,,"New York, NY",Estimated $50.6K   $64K a year
"Analyst, New Technology & Quality Management",Sony Music Entertainment US,4.3,"New York, NY",Estimated $67K   $84.8K a year
"Senior Manager, DTC Analytics",coty,3.7,"New York, NY",Estimated $111K   $141K a year
"Assistant Director, Health Fund Analytics",,,"New York, NY",
Quantitative Researcher,,,"Temporarily Remote in New York, NY",
Data Analytics Associate,,,"Remote in New York, NY",
"Director, Insurance Data Analytics - Remote",DW Simpson,4.5,"Remote in New York, NY",
Junior Investment Banking Analyst,"Paulson Investment Company, LLC",3.7,"New York, NY",
Desktop Support Technician,,,"Manhattan, NY",
Short-Term Casual,Columbia University,4.1,"New York, NY",
Senior Staff Analytics Engineer,The Estée Lauder Companies,4.1,"New York, NY",Estimated $105K   $133K a year
"Manager, Compensation, People Systems & Analytics",Warby Parker,3.5,"New York, NY",Estimated $86.3K   $109K a year
Technical Solution Architect - Analytics (Northeast- NY),IBM,3.9,"New York, NY",
Corporate Derivatives Trader -Analyst/Associate,Morgan Stanley,3.8,"New York, NY",
Quantitative Research,"JPMorgan Chase Bank, N.A.",3.9,"New York, NY",
"Assoc Dir, Budget & Fin Analysis",Columbia University,4.1,"Hybrid remote in New York, NY",Estimated $71.7K   $90.7K a year
City Financial Analytics Manager,EmblemHealth,3.5,"New York, NY",Estimated $80K   $101K a year
HRST People Analytics Manager,Deloitte,4,"New York, NY",Estimated $105K   $133K a year
Analytics Business Intelligence & Analytics Analyst,Columbia University,4.1,"New York, NY",Estimated $81.8K   $104K a year
"Quantitative Analyst, Trust and Safety, Scaled Operations Qu...",Google,4.3,"New York, NY",Estimated $107K   $136K a year
"Quantitative Analyst, Trust and Safety, Scaled Operations Qu...",Google,4.3,"New York, NY",Estimated $107K   $136K a year
Data Analyst (EXCEL EXPERT) REMOTE,The Standard,3.6,"Remote in New York, NY",
HRST People Analytics Lead,Deloitte,4,"New York, NY",Estimated $83K   $105K a year
"Director, Insurance Data Analytics - Remote",DW Simpson,4.5,"Remote in New York, NY",
"Adjunct Associate, Applied Analytics in the Organizational C...",Columbia University,4.1,"New York, NY",Estimated $57.6K   $73K a year
Deutsche Bank Analyst Programme- Corporate Bank - New York,Deutsche Bank,3.8,"New York, NY",Estimated $63.3K   $80.1K a year
Fraud Operations Analyst,,,"New York, NY",Estimated $78.6K   $99.6K a year
"VP, Program Manager, Analytics & Data",Morgan Stanley,3.8,"New York, NY",
Analyst | Environmental Protection (DEP),,,"Manhattan, NY",
"Senior Analyst, Human Analytics",The Farmer's Dog,2.2,"New York, NY",Estimated $109K   $137K a year
Analytics Associate Manager,The Clorox Company,4,"New York, NY",Estimated $73.1K   $92.5K a year
"Policy Advisor, Data Analytics",NYC Office Of The Mayor,3.2,"New York, NY",Estimated $66.1K   $83.7K a year
HR Reporting & Analytics Specialist,PJT Partners,3.3,"New York, NY",Estimated $61.1K   $77.3K a year
Marketing Analytics Analyst,,,"New York, NY",Estimated $78.9K   $99.9K a year
"Analyst, Insights & Analytics",Starz,3.9,"New York, NY",Estimated $87.6K   $111K a year
Analyst - PJT Park Hill Private Equity,PJT Partners,3.3,"New York, NY",
"Director, Insurance Data Analytics - Remote",DW Simpson,4.5,"Remote in New York, NY",
Data Analyst,Northwell Health,3.9,"New York, NY",Estimated $66.5K   $84.1K a year
Group Director Analytics,Crossmedia,4.3,"New York, NY",Estimated $121K   $153K a year
"Senior Analyst, Initiatives, Procure, to, pay",Spotify,4.3,"New York, NY",Estimated $87.6K   $111K a year
"Business Analyst, Real Estate and Workplace Services",Google,4.3,"New York, NY",Estimated $73K   $92.4K a year
Risk Analytics – Fixed Income Market Quant Risk Modeling -Co...,,,"Temporarily Remote in New York, NY",
"Business Analyst, Creator Business Analysis",Spotify,4.3,"Remote in New York, NY",Estimated $85.1K   $108K a year
Strategy Consultant - Strategy & Analytics CCG,Deloitte,4,"New York, NY",Estimated $64.2K   $81.2K a year
"Manager - Fan Intelligence, Strategy and Analytics",National Hockey League,4.3,"New York, NY",Estimated $82.7K   $105K a year
"Research & Analytics Manager, CNN+",WarnerMedia,3.8,"New York, NY",Estimated $116K   $147K a year
Client Analytics Analyst,Novus,3.8,"New York, NY",Estimated $42.1K   $53.3K a year
"Analyst, Project Development (Safari Energy, LLC - A PPL Com...",PPL Corporation,3.6,"New York, NY",Estimated $90.4K   $114K a year
Analyst | FEMA Public Assistance Data and Systems,,,"Manhattan, NY",
"Manager, Business Analytics and Strategy, Clinique",The Estée Lauder Companies,4.1,"New York, NY",Estimated $94.5K   $120K a year
"Director, Analytics",,,"New York, NY",Estimated $65.7K   $83.3K a year
"Manager, Content Revenue Analytics, Peacock",NBCUniversal,4,"New York, NY",Estimated $81.7K   $103K a year
"Director, Insurance Data Analytics - Remote",DW Simpson,4.5,"Remote in New York, NY",
Data Analyst,,,"New York, NY",Estimated $112K   $142K a year
Data Analytics Analysts,,,"New York, NY",Estimated $50.7K   $64.1K a year
"Manager /Senior Manager, Merchant Analytics and Insights",Amex,4.1,"New York, NY",Estimated $103K   $130K a year
"Associate, CMBS Analytics",,,"Hybrid remote in New York, NY",Estimated $56.8K   $72K a year
Multinational Global Business Analytics and Tools Lead,AIG,3.7,"New York, NY",
Corporate Financial Planning & Analysis Forecasting Analytic...,Morgan Stanley,3.8,"New York, NY",
"Director, Analytics- MMA",Ipsos North America,3.8,"New York, NY",Estimated $110K   $140K a year
"Senior Director Marketing Measurement, Analytics & Insights",Memorial Sloan Kettering Cancer Center,4.1,"New York, NY",Estimated $96.3K   $122K a year
"Sr. Analyst, Fan Intelligence, Strategy and Analytics",National Hockey League,4.3,"New York, NY",Estimated $39.8K   $50.4K a year
Player Health & Safety Analyst,the NBA,4.2,"New York, NY",Estimated $56.6K   $71.6K a year
Financial Analyst,,,"New York, NY",
"AVP, Marketing Analytics",Morgan Stanley,3.8,"Jersey City, NJ",Estimated $59.9K   $75.9K a year
Economic Analyst,,,"New York, NY",
Business Analyst,UNIVERSAL Technologies,3.5,"New York, NY",
"Director, Insurance Data Analytics - Remote",DW Simpson,4.5,"Remote in New York, NY",
Global Trading | Quantitative Researcher,,,"New York, NY",
"MANAGER, ANALYTICS (MTELL)",M Booth,3.3,"New York, NY",Estimated $74.6K   $94.4K a year
Business Analyst,,,"New York, NY",Estimated $85.9K   $109K a year
Junior Financial Analyst Contractor,Network ESC,3.8,"Remote in New York, NY",
"Manager, Reporting & Analytics","Grubhub Holdings, Inc.",3.2,"New York, NY",Estimated $80K   $101K a year
Amazon Advertising Analyst,,,"New York, NY",Estimated $47.3K   $59.9K a year
Fraud Investigator,TikTok,3.4,"New York, NY",
Loan Operations Analyst/Associate,,,"New York, NY",
"Associate Manager, Paid Media Analytics",Performics,3.7,"New York, NY",
Fundamental Equities Technology Research Analyst,"D. E. Shaw & Co., L.P.",4.1,"New York, NY",
Manager - Data & Analytics,A Place for Mom,3.6,"New York, NY",Estimated $97.9K   $124K a year
Account Services Analyst - Cash Management,Federal Reserve Bank of New York,4.1,"New York, NY",Estimated $71.8K   $91K a year
"VP, Data Analytics",Barnes & Noble Education,3.8,"New York, NY",
Vice President - People Analytics,Morgan Stanley,3.8,"New York, NY",
"Director, Insurance Data Analytics - Remote",DW Simpson,4.5,"Remote in New York, NY",
Analyst - Financial,Columbia University,4.1,"New York, NY",
Administrative Aide II - Social and Cultural Analysis,New York University,4.2,"New York, NY",Estimated $40K   $50.6K a year
ASSOCIATE WATERFRONT PLANNER,,,"Manhattan, NY",
Analyst | Youth and Community Development (DYCD) / Aging (DF...,,,"Manhattan, NY",
Payroll Analyst,Asphalt Green Inc,3.7,"New York, NY",Estimated $62.6K   $79.2K a year
Macro Analytics Team Lead,Hudson River Trading,3.5,"New York, NY",Estimated $74.6K   $94.4K a year
Lead Data Scientist/Technical Lead Analytics Consultant,CVS Health,3.2,"New York, NY",
Standard Compliance Analyst 1 Developmental Disabilities,"People With Developmental Disabilities, Office for",3.1,"New York, NY",
Regulatory Onboarding Analyst,Scotiabank,3.9,"New York, NY",Estimated $63.2K   $80K a year
Contract Analyst,,,"New York, NY",
"Sr. Manager, Supplier Diversity Analytics",NBCUniversal,4,"New York, NY",Estimated $63.6K   $80.6K a year
Enterprise Portfolio Analytics Senior Associate,,,"Jersey City, NJ",
"Director, Insurance Data Analytics - Remote",DW Simpson,4.5,"Remote in New York, NY",
Sustainable Investments Analyst,PineBridge Investments,3.7,"New York, NY",Estimated $60K   $76K a year
"Manager, Digital Intelligence & Analytics - L'Oreal Professi...",L'Oreal,4.1,"New York, NY",Estimated $89.7K   $114K a year
"Director, Club Data & Analytics",National Football League,4.4,"New York, NY",Estimated $126K   $159K a year
12 Month Junior Human Resources Associate – Supply Chain (An...,L'Oreal,4.1,"Clark, NJ",Estimated $51.4K   $65K a year
Senior Analytics Engineer,,,"New York, NY",
Investment Analyst,,,"New York, NY",
BUSINESS INTELLIGENCE ANALYST-EXECUTIVE DASHBOARD ANALYTICS...,Montefiore Medical Center,4,"Yonkers, NY",Estimated $66.5K   $84.1K a year
MSIM Global Listed Real Assets Team – Research Analyst,Morgan Stanley,3.8,"New York, NY",Estimated $68.7K   $87.1K a year
VP Consumer Product Deposits (Product Management),,,"Bronx, NY",
"Analytics Manager, E-Commerce",Warby Parker,3.5,"New York, NY",Estimated $39.8K   $50.4K a year
Treasury Operations Analyst,,,"New York, NY",
Early Careers | Financial Modeling & Research | New York,Goldman Sachs,4,"New York, NY",
Data Validation Specialist,ICON International,3.5,"New York, NY",Estimated $59.9K   $75.9K a year
"Senior Data Analyst, People Analytics CoE",PepsiCo,3.8,"New York, NY",Estimated $91.3K   $116K a year
Wealth and Asset Management - Principal Analyst,,,"New York, NY",
Strategy & Analytics - Business Analyst,Deloitte,4,"New York, NY",Estimated $64.3K   $81.5K a year
Risk Analytics-Associate,"JPMorgan Chase Bank, N.A.",3.9,"New York, NY",
"Director, Insurance Data Analytics - Remote",DW Simpson,4.5,"Remote in New York, NY",
"Performance and Data Analytics Manager- New York, NY",,,"New York, NY",Estimated $105K   $133K a year
Entry Level Business Analyst,,,"New York, NY",
Head of Fair Lending Risk and Analytics,,,"New York, NY",Estimated $81.4K   $103K a year
Quantitative Strategies,"D. E. Shaw & Co., L.P.",4.1,"New York, NY",Estimated $30.4K   $38.4K a year
Analytics and Information Strategy - Business Support Analys...,Bank of America,3.8,"New York, NY",
"Senior Manager, Brand Analytics",HelloFresh,3.1,"New York, NY",Estimated $118K   $150K a year
"Manager, Analytics",Spark Foundry,3.3,"New York, NY",Estimated $66.3K   $83.9K a year
Analytics Associate,VaynerMedia LLC,3.4,"New York, NY",Estimated $30.5K   $38.7K a year
State Health Technology Data Analytics,Deloitte,4,"New York, NY",Estimated $96.5K   $122K a year
Experienced Quant Trader 1,SMB Capital,5,"New York, NY",
Senior Director of Analytics (Supply Chain),HelloFresh,3.1,"New York, NY",
"Data Coordinator, Division of Strategic Operations & Analyti...",,,"New York, NY",
Trading and Support Analyst,,,"New York, NY",
Head of Fair Lending Risk and Analytics,,,"New York, NY",Estimated $81.4K   $103K a year
Accounts Payable,The Mark Hotel,4,"New York, NY",Estimated $52.6K   $66.6K a year
"Director, Insurance Data Analytics - Remote",DW Simpson,4.5,"Remote in New York, NY",
Business Analytics Lead,Neuberger Berman,3.8,"New York, NY",Estimated $101K   $128K a year
Sixpoint Partners Analyst,PNC Financial Services Group,3.6,"New York, NY",
Assistant Budget Analyst,,,"Queens, NY",
"Executive Assistant, Global Analytics & Insights Services",Amazon.com Services LLC,3.5,"New York, NY",
Enterprise Account Executive - Retail - Analytics & AI,Tableau,3.7,"New York, NY",
Workforce Analytics Subject Matter Expert,,,"Remote in New York, NY",Estimated $58.2K   $73.6K a year
"Staff Analyst, Level I",,,"Manhattan, NY",
Junior Business Analyst,,,"Hybrid remote in New York, NY",Estimated $82.1K   $104K a year
Underwriting Analyst,,,"New York, NY",
Senior Revenue Analytics Analyst,New York Public Radio,2.5,"Temporarily Remote in New York, NY",Estimated $134K   $170K a year
Partnerships Director,Dow Jones,3.9,"New York, NY",
SENIOR EQUITY RESEARCH ANALYSTS,,,"Remote in New York, NY",
"Associate Director, Market Research & Analytics (Oncology)",Merck,4.1,"Remote in Kenilworth, NJ",Estimated $102K   $129K a year
Counterterrorism Analyst,New York County District Attorney's Office,4.4,"New York, NY",
Business Analyst with AFS,,,"Remote in New York, NY",
Credit Analyst,AllianceBernstein,3.5,"New York, NY",
"Manager, Analytics (Digital Media)",Zenith,3.8,"New York, NY",Estimated $63.4K   $80.2K a year
Data Analytics and Business Analyst - Future of Trust,Deloitte,4,"Remote in New York, NY",Estimated $98.9K   $125K a year
Adjuncts in Data Analytics,Long Island University,3.9,"Brookville, NY",Estimated $50.1K   $63.5K a year
"Global Product Lead, Agency Partnerships",Google,4.3,"New York, NY",Estimated $105K   $134K a year
2023 Global Investment Banking Summer Analyst - New York,RBC,4,"New York, NY",
"Sr Analyst, Inventory Analytics",,,"New York, NY",Estimated $52.5K   $66.5K a year
Workforce Analytics Manager,Facebook App,4.1,"New York, NY",Estimated $65.4K   $82.8K a year
Data Scientist,Anheuser-Busch,3.7,"New York, NY",
BNY Mellon HedgeMark Treasury Analytics Consultant,BNY Mellon,3.5,"New York, NY",Estimated $79.4K   $101K a year
"Analyst, Reporting and Human Capital Insights",Amex,4.1,"New York, NY",Estimated $68.6K   $86.8K a year
Health Information Privacy Analyst,Google,4.3,"New York, NY",
"Analyst | DOITT, Finance, Law, Mayoralty & Elected Officials",,,"Manhattan, NY",
"Director, Insurance Data Analytics - Remote",DW Simpson,4.5,"Remote in New York, NY",
Azure Specialist,Microsoft,4.2,"New York, NY",Estimated $72.5K   $91.9K a year
"Manager, FP&A, Business Casing Analytics",Spotify,4.3,"New York, NY",
"Financial Analyst, Columbia Record Group",Sony Music Entertainment US,4.3,"New York, NY",
Diamond Acquisition Analyst,Tiffany & Co,3.7,"New York, NY",Estimated $37.7K   $47.7K a year
Analytics Marketing Manager,Biz2Credit Inc,3.2,"New York, NY",Estimated $80.8K   $102K a year
Finance Analyst - Monthly Financials,Fidelis Care,3.2,"Hybrid remote in Long Island City, NY",
Customer Service Quality Assurance Analyst,The New York Times,4,"Remote in New York, NY",Estimated $31.7K   $40.1K a year
Financial Analyst,,,"New York, NY",
"Regional Product Lead, Awareness Video",Google,4.3,"New York, NY",Estimated $128K   $163K a year
Business Analyst - Asset Modeling Operations & Analytics,AIG,3.7,"New York, NY",
"MANAGER, ANALYTICS",Intouch Solutions,3.2,"New York, NY",Estimated $106K   $134K a year
Valuation Analytics,Millennium Management LLC,4.1,"New York, NY",
CCOR - Regulatory Strategy Reporting Analytics Senior Associ...,"JPMorgan Chase Bank, N.A.",3.9,"Brooklyn, NY",
"Manager, Merchant Reporting & Analytics",Neiman Marcus,3.6,"New York, NY",Estimated $94K   $119K a year
"Director, Insurance Data Analytics - Remote",DW Simpson,4.5,"Remote in New York, NY",
"Director, Soccer Analytics",Major League Soccer,4,"New York, NY",Estimated $96K   $122K a year
Quantitative Trader: Experienced,,,"New York, NY",
"Vice President, Product Analytics, Decision Sciences",NBCUniversal,4,"New York, NY",
Product Analytics Manager,Conde Nast,4,"New York, NY",Estimated $115K   $145K a year
Operations Analyst,Bank of America,3.8,"New York, NY",
"Director, Analytics",IDT Corporation,3.6,"Newark, NJ",
"Vice President, Media Analytics (Remote or NYC)",Merkle,3.4,"Remote in New York, NY",
HR Analytics Analyst,Bessemer Trust Company,3.9,"New York, NY",Estimated $66.3K   $83.9K a year
Quality Assurance Analyst,"iHeartMedia, Inc.",3.6,"New York, NY",Estimated $55.4K   $70.2K a year
Analytics Associate,,,"Hybrid remote in New York, NY",Estimated $62K   $78.4K a year
"Analyst, ESG Content, Analytics and Data Governance",Bank of America,3.8,"New York, NY",
"Analyst, Portfolio Valuation",VRC,3.4,"New York, NY",
Climate Analytics Consultant,Institutional Shareholder Services,3.3,"New York, NY",Estimated $54.8K   $69.4K a year
"Manager, Financial Planning & Analysis",Moët Hennessy USA,4.5,"New York, NY",
"Director, Insurance Data Analytics - Remote",DW Simpson,4.5,"Remote in New York, NY",
"Senior Data Analyst, HR Analytics - Agency Temp",SiriusXM,3.5,"Remote in New York, NY",Estimated $74.8K   $94.8K a year
MQA Quantitative Analyst VP,Citi,3.9,"New York, NY",
Merger and Acquisition Analyst,,,"New York, NY",
Digital Marketing Analyst (Start Date: June 2022),GeistM,4,"Hybrid remote in New York, NY",Estimated $57K   $72.2K a year
Director Business Intelligence & Analytics Training & Adopti...,The Estée Lauder Companies,4.1,"New York, NY",Estimated $113K   $143K a year
"Manager Sales Execution & Analytics, US Market",Pernod Ricard,4.3,"New York, NY",
Business analysis mentor,,,"Remote in New York, NY",
Rates Quant Associate,Credit Suisse,3.9,"New York, NY",Estimated $65.3K   $82.7K a year
"Analyst, Private Markets",,,"New York, NY",Estimated $61.9K   $78.3K a year
"Analyst, Global Assortment Planning",Tiffany & Co,3.7,"New York, NY",Estimated $50.7K   $64.1K a year
ROH0591 AWM Portfolio Analytics Multi Asset Solutions Associ...,"JPMorgan Chase Bank, N.A.",3.9,"Brooklyn, NY",
Senior Analytics Manager,Paxos,5,"New York, NY",Estimated $122K   $154K a year
Analyst/ Senior Analyst - Product Innovation and Analytics,Amex,4.1,"New York, NY",Estimated $42.8K   $54.2K a year
Deutsche Bank Graduate Programme - Group Strategic Analytics...,Deutsche Bank,3.8,"New York, NY",Estimated $40.7K   $51.5K a year
"Director, Insurance Data Analytics - Remote",DW Simpson,4.5,"Remote in New York, NY",
Trading Analyst,"JPMorgan Chase Bank, N.A.",3.9,"New York, NY",
Audits Analyst,NYC Office Of The Mayor,3.2,"New York, NY",Estimated $50.7K   $64.1K a year
Operations Analyst,,,"New York, NY",
"Global Director of Audience Development and Analytics, The N...",Conde Nast,4,"New York, NY",Estimated $92K   $117K a year
Sr. Business Analyst,,,"New York, NY",
"Data Scientist, Customer Analytics",Spring Health,3.3,"Hybrid remote in New York, NY",
Court Analyst (Human Resources),,,"New York, NY",
"Vice President, Data & Analytics",Bombas,4,"Remote in New York, NY",
"Enterprise Account Executive, Tableau CRM (Einstein Analytic...",Salesforce,4.3,"New York, NY",
Commercial Analytics Manager,The Body Shop International Limited,3.9,"New York, NY",Estimated $66.3K   $83.9K a year
"Junior Analyst, FP&A",,,"Hybrid remote in New York, NY",
Manager - People Analytics,Facebook App,4.1,"New York, NY",Estimated $78.5K   $99.3K a year
"Global Head, BI Business Reporting & Analytics",Meta,4.1,"New York, NY",Estimated $84.4K   $107K a year
FBO Financial Analysis Associate,Federal Reserve Bank of New York,4.1,"New York, NY",
"Wealth Management Solutions, CIO Portfolio Analytics Associa...","JPMorgan Chase Bank, N.A.",3.9,"New York, NY",
AWM - Treasury Analytics - Associate,"JPMorgan Chase Bank, N.A.",3.9,"New York, NY",
"Vice President, Data Analytics",Prudential,3.9,"Newark, NJ",
"Associate Director, Analytics & Data Science",PMX Agency,3,"New York, NY",
RECRUITMENT COORDINATOR,,,"Brooklyn, NY",
Financial Analyst,,,"New York, NY",
Analyst | Homeland Security Program,,,"Manhattan, NY",
Structured Products Credit Analyst,,,"New York, NY",
Analyst - Corporate Banking,Bank of America,3.8,"New York, NY",
Identity Analyst,,,"Remote in New York, NY",
Investigative Analyst,,,"Brooklyn, NY",
Senior Quantitative Analyst,"D. E. Shaw & Co., L.P.",4.1,"New York, NY",Estimated $71.7K   $90.7K a year
"Faculty Adjunct, Data Analytics",,,"Remote in New York, NY",
"Business Development Analyst, Category Management - Fine Wat...",Tiffany & Co,3.7,"New York, NY",
"Manager, Product Management - Shopper Analytics",Verisk Financial,3.6,"White Plains, NY",
"Director, Insurance Data Analytics - Remote",DW Simpson,4.5,"Remote in New York, NY",
Business Analyst Returnship Program (Level 5),Amazon.com Services LLC,3.5,"New York, NY",
"Social Media and Analytics Marketing Manager ~ Facebook, Twi...","The Consortium, Inc.",4.5,"New York, NY",
Investigative Analyst,Graphika,3.3,"Remote in New York, NY",Estimated $51.2K   $64.8K a year
"GSS Operations Manager, Insights and Analytics",Braze,4.5,"New York, NY",Estimated $90.8K   $115K a year
"Sr. Analyst, Marketing Analytics, Peacock",NBCUniversal,4,"New York, NY",Estimated $120K   $152K a year
"Product Strategy Analyst, Market Insights",Google,4.3,"Hybrid remote in New York, NY",Estimated $64.5K   $81.7K a year
Database Developer-IT514407,ICL,3.1,"New York, NY",
Analyst | Fire,,,"Manhattan, NY",
Program Analyst,US Veterans Health Administration,3.9,"New York, NY",
"Senior Associate, Client Reporting & Analytics",Zocdoc,3.4,"New York, NY",Estimated $82.6K   $105K a year
"Strategy Execution Consultant - Business Analyst Level, Summ...",BTS,3.9,"New York, NY",
Jr. Financial Analyst (Entry Level),Ketchum,3.8,"New York, NY",
"Director, Compensation & People Analytics",,,"New York, NY",Estimated $104K   $132K a year
"Director, Marketing Analytics, Peacock",NBCUniversal,4,"New York, NY",Estimated $139K   $175K a year
"Director, Insurance Data Analytics - Remote",DW Simpson,4.5,"Remote in New York, NY",
"Manager, Credit Valuation & Portfolio Analytics",The Carlyle Group,4.1,"New York, NY",
Analyst - Asset Management,,,"New York, NY",
"Manager, BI & Analytics",Mosaic Group,3.9,"New York, NY",Estimated $66.4K   $84K a year
Data Analyst,,,"New York, NY",
Business Analyst,,,"Midtown New York, NY",
"Director, Data Science & Sales Analytics",PayPal,3.9,"New York, NY",
Business Analytics Specialist,,,"New York, NY",
Real Estate Acquisitions Analyst,,,"New York, NY",
"Financial Analyst, AWS",Amazon.com Services LLC,3.5,"New York, NY",
Anesthesiology Residency Coordinator,NewYork-Presbyterian Hospital,4.2,"Brooklyn, NY",Estimated $38.7K   $49.1K a year
"Analyst, Prospect Acquisition Marketing",Amex,4.1,"New York, NY",Estimated $73.4K   $93K a year
"Director, People Systems & Analytics",AlphaSense,1.8,"New York, NY",Estimated $96.9K   $123K a year
Junior M&A Representative & Analyst - virtual position,,,"Remote in New York, NY",
Media Analytics Manager,,,"New York, NY",Estimated $51.5K   $65.1K a year
"Director, Insurance Data Analytics - Remote",DW Simpson,4.5,"Remote in New York, NY",
"Director, Data Analytics",,,"New York, NY",Estimated $149K   $188K a year
"Program Manager, Positive Psychology, Global Data Centers",Google,4.3,"New York, NY",
Analyst / Associate,,,"New York, NY",Estimated $65.1K   $82.5K a year
Analytics Supervisor,Essence,3.7,"New York, NY",Estimated $43.2K   $54.6K a year
Global Risk Analyst (GRA),Securitas USA,3.2,"New York, NY",
Manager-Strategic Analysis & Testing,Amex,4.1,"New York, NY",Estimated $39.9K   $50.5K a year
"Senior Sales Specialist , Analytics","Amazon Web Services, Inc.",3.5,"New York, NY",
Head of Data Analytics and Insights,Klick Health,3.1,"New York, NY",Estimated $105K   $133K a year
Mgr - Strategy & Analytics,AMC Networks Inc.,4.1,"New York, NY",Estimated $62.2K   $78.8K a year
"Investment Banking Analyst, Equity Capital Markets",BMO Harris Bank,3.5,"New York, NY",
"Analyst, Revenue Strategy & Analytics","iHeartMedia, Inc.",3.6,"New York, NY",Estimated $54.5K   $68.9K a year
Business Data Analytics,,,"New York, NY",Estimated $67.9K   $85.9K a year
HR Data & Analytics Manager,Richemont,3.8,"New York, NY",Estimated $70.2K   $88.8K a year
Quantitative Researcher - AMD Strats,Goldman Sachs,4,"New York, NY",
Business Operations Manager,,,"New York, NY",Estimated $90.1K   $114K a year
"Director, Insurance Data Analytics - Remote",DW Simpson,4.5,"Remote in New York, NY",
Healthcare Analytics SME,Deloitte,4,"New York, NY",Estimated $103K   $130K a year
Data Scientist - Sales Optimization Product Analytics - Anal...,"JPMorgan Chase Bank, N.A.",3.9,"New York, NY",
Senior Credit Analyst,"SUMITOMO MITSUI TRUST BANK, LIMITED",3.3,"New York, NY",
Performance Analyst (Academy),"Red Bull New York, Inc.",4,"Harrison, NJ",Estimated $55.7K   $70.5K a year
Analyst/Senior Analyst – GCS International Marketing Analyti...,Amex,4.1,"New York, NY",Estimated $92.3K   $117K a year
Accounting and Inventory Analyst,Moët Hennessy USA,4.5,"New York, NY",Estimated $53.1K   $67.3K a year
Financial Crimes- Data Scientist/Analytics- Director,PRICE WATERHOUSE COOPERS,4,"New York, NY",
"Monetization Strategy Analyst, eCommerce",TikTok,3.4,"New York, NY",Estimated $57.5K   $72.7K a year
"Manager, Global CRM & Analytics - TOM FORD BEAUTY",The Estée Lauder Companies,4.1,"New York, NY",Estimated $87.2K   $110K a year
Strategic Workforce Analyst,,,"New York, NY",
Business Operations Analyst - Defensive Line,Red Bull,4,"New York, NY",Estimated $70.8K   $89.6K a year
"Director, Insurance Data Analytics - Remote",DW Simpson,4.5,"Remote in New York, NY",
"Analyst, Finance & Strategy - Remote",Wings Over,3.8,"Remote in New York, NY",
Manager of Client Strategy and Analytics,,,"Remote in New York, NY",
Market Risk Analytics Associate,"Nomura Holdings, Inc.",3.9,"New York, NY",
"Analyst, Analytics",Zenith,3.8,"New York, NY",Estimated $55.3K   $70.1K a year
Senior Analytics Engineer,,,"New York, NY",Estimated $138K   $174K a year
Business Analyst,,,"Remote in New York, NY",
Lead Analytics Engineer,NBCUniversal,4,"New York, NY",Estimated $105K   $133K a year
Quantitative Analyst,,,"New York, NY",
"VP of Development & Production (Features, Scripted TV)",Conde Nast,4,"New York, NY",
Client Onboarding/KYC Analyst,Sumitomo Mitsui Banking Corporation,3.4,"New York, NY",Estimated $87.4K   $111K a year
People Analytics Analyst,Ralph Lauren,3.8,"Nutley, NJ",Estimated $72K   $91.2K a year
"Manager, Data Analytics (Remote)",Verisk Financial,3.6,"Remote in White Plains, NY",Estimated $103K   $130K a year
"Inventory Analyst, Peacock",NBCUniversal,4,"New York, NY",Estimated $49.8K   $63K a year
"Manager of Strategy, Analysis and Valuation",TikTok,3.4,"New York, NY",
Quality Assurance Analyst,,,"Remote in New York, NY",
"Director, Insurance Data Analytics - Remote",DW Simpson,4.5,"Remote in New York, NY",
Credit Strategist,Barclays,3.9,"New York, NY",Estimated $52.1K   $65.9K a year
Data Analyst (Remote-US),,,"Remote in New York, NY",Estimated $79.8K   $101K a year
Analytics Business Intelligence & Analytics Developer,Columbia University,4.1,"New York, NY",Estimated $85.6K   $108K a year
"Director of Analytics, Google",GroupM,3.8,"New York, NY",Estimated $84K   $106K a year
"Trainee, Business Development - Fine Jewelry & Timepieces, B...",Christian Dior Couture,4.2,"New York, NY",
Analytics Director,,,"New York, NY",Estimated $72.5K   $91.7K a year
Junior Quantitative Trader,,,"New York, NY",
"Sr. Director, Forecasting & Analytics",Ross Stores,3.4,"New York, NY",Estimated $84.7K   $107K a year
Director Procurement Analytics,ViacomCBS,3.9,"New York, NY",Estimated $59K   $74.6K a year
Entry-Level Investigator/Due Diligence Analysts,Gryphon Strategies,4,"White Plains, NY",
Analytics Manager,Audible,4.1,"Newark, NJ",Estimated $74K   $93.8K a year
Application Support,Citi,3.9,"New York, NY",Estimated $83.5K   $106K a year
1970759_Consultant II_Analytics,EXL Services,3.8,"New York, NY",Estimated $74K   $93.8K a year
Acquisitions Analyst,,,"New York, NY",
"Global Monetization Strategy Associate, Research",TikTok,3.4,"New York, NY",Estimated $72K   $91.2K a year
"Manager/Senior Manager, Merchant Analytics and Strategy",Amex,4.1,"New York, NY",Estimated $73.8K   $93.4K a year
"Director, Insurance Data Analytics - Remote",DW Simpson,4.5,"Remote in New York, NY",
TechBar - Concierge Analyst,Barclays,3.9,"New York, NY",Estimated $47.5K   $60.1K a year
Financial Market Info & Data Analytics Associate - Summer/Fa...,PRICE WATERHOUSE COOPERS,4,"New York, NY",Estimated $57.7K   $73.1K a year
"Manager, Business Analytics and Finance - DTC",HarperCollins Publishers,3.9,"New York, NY",
"Analyst, Central Strategy and Operations, Google Customer So...",Google,4.3,"New York, NY",
People Operations Analyst,MoneyLion,3.4,"Remote in New York, NY",Estimated $64K   $81K a year
Associate Manager of Client Strategy and Analytics,,,"Remote in New York, NY",
VP – Portfolio Analytics Group – Quantitative Analytics Cont...,BlackRock,3.8,"New York, NY",
2022 Global Markets - Rates Options Trading Analyst,RBC,4,"New York, NY",
Supply Chain Strategy Analyst,HelloFresh,3.1,"New York, NY",Estimated $53.9K   $68.3K a year
"Experienced Quantitative Trader - New York City, USA",HC Technologies,4.4,"New York, NY",
"Manager, Internal Audit, Data Analytics",The Estée Lauder Companies,4.1,"Long Island City, NY",Estimated $80.2K   $102K a year
"Product and Marketing Analyst, Category Management - Fine Wa...",Tiffany & Co,3.7,"New York, NY",Estimated $63.4K   $80.2K a year
Security Intelligence Analyst,Madison Square Garden Entertainment,4,"New York, NY",Estimated $52.5K   $66.5K a year
"Director, Insurance Data Analytics - Remote",DW Simpson,4.5,"Remote in New York, NY",
"Director, Quantitative Modeling and Analytics",,,"New York, NY",Estimated $64.2K   $81.4K a year
"Supervisor, Reporting & Analytics",,,"New York, NY",Estimated $48.7K   $61.7K a year
"Payroll Analyst, Remote (TEMP)",FlexStaff,4.1,"Remote in Lake Success, NY",Estimated $51.9K   $65.7K a year
Analytics Manager,,,"Remote in Brooklyn, NY",Estimated $73.8K   $93.4K a year
Resy Billing Analyst,Amex,4.1,"New York, NY",Estimated $65.6K   $83K a year
"Director, Reporting & Analytics",1-800-Flowers,3.7,"Jericho, NY",Estimated $30.4K   $38.4K a year
"Senior Analyst, B2B Fintech AP & AR Partnerships",Visa,3.9,"New York, NY",Estimated $99.4K   $126K a year
Analyst - Claims,"Ryan Specialty Group, LLC",3.6,"New York, NY",Estimated $52K   $65.8K a year
Office 365 Email and Security Analyst,,,"New York, NY",
High Yield Credit Research Analyst,"JPMorgan Chase Bank, N.A.",3.9,"New York, NY",
Manager - Strategy & Analytics (Business Intelligence),Mindshare,3.7,"New York, NY",Estimated $87.5K   $111K a year
Analyst,Mace,4.1,"New York, NY",Estimated $52.1K   $65.9K a year
"University Payroll Analyst, Provisional",The City University of New York (CUNY),3.9,"New York, NY",
"Associate, Algorithmic Trading Quants",Standard Chartered,4.1,"New York, NY",Estimated $41.1K   $52.1K a year
Executive Administrative Assistant - Wealth Management Data...,"JPMorgan Chase Bank, N.A.",3.9,"New York, NY",
"Director, Insurance Data Analytics - Remote",DW Simpson,4.5,"Remote in New York, NY",
Operations Analyst,Morgan Stanley,3.8,"Jersey City, NJ",Estimated $56.7K   $71.9K a year
Data Analyst,DataDog,4,"New York, NY",Estimated $109K   $138K a year
VP Product Management – US Global AR,Amex,4.1,"New York, NY",
Application Support Analyst,"Connection, Inc.",3,"New York, NY",
Operations Strategy & Analytics Manager,,,"New York, NY",Estimated $56.9K   $72.1K a year
Data Science Associate,,,"New York, NY",
"Director, Finance & Portfolio Analytics",New York University,4.2,"New York, NY",
"Banking, Capital Markets and Advisory (BCMA) - Investment Ba...",Citi,3.9,"New York, NY",
Robot Operations Analyst,,,"New York, NY",Estimated $45.1K   $57.1K a year
Business Analyst with Equities,,,"New York, NY",
Sr. Data Analyst - Marketing Analytics (REMOTE),Splunk,4.2,"Remote in New York, NY",
Wholesale Business Strategy Associate,"Nomura Holdings, Inc.",3.9,"New York, NY",Estimated $58.9K   $74.5K a year
Global Risk Analytics Executive - Data Strategy,Bank of America,3.8,"New York, NY",
"Director, Insurance Data Analytics - Remote",DW Simpson,4.5,"Remote in New York, NY",
Entry Level Analyst,,,"Temporarily Remote in New York, NY",
"Manager, Social Analytics",Live Nation,4.1,"New York, NY",
NA Rates Sales Analyst,"JPMorgan Chase Bank, N.A.",3.9,"New York, NY",
"Associate, Analytics Content Manager (New York)",BlackRock,3.8,"New York, NY",Estimated $77.5K   $98.1K a year
Senior Audit Data Analytics Specialist,Signature Bank,3.4,"New York, NY",Estimated $104K   $132K a year
Assistant Budget Analyst,The New York Public Library,4.1,"New York, NY",
Order Entry Specialist (Order Management),,,"New York, NY",
Associate Category Management Analyst,Northwell Health,3.9,"Lake Success, NY",Estimated $55.5K   $70.3K a year
"Research Analyst, NBCU Local - New York",NBCUniversal,4,"New York, NY",Estimated $67K   $84.8K a year
Data Analyst (Remote),,,"Remote in New York, NY",Estimated $71.7K   $90.9K a year
Senior Manager of Client Strategy and Analytics,,,"Remote in New York, NY",
"Sr. Analyst, Sales Analytics",Invesco,3.9,"New York, NY",
"Director, Insurance Data Analytics - Remote",DW Simpson,4.5,"Remote in New York, NY",
"VP, Analytics",,,"New York, NY",Estimated $98.1K   $124K a year
Trading Analytics Specialist,Instinet,4.1,"New York, NY",Estimated $35.2K   $44.6K a year
Global Insider Threat Analyst,Deloitte,4,"Hybrid remote in New York, NY",Estimated $65.4K   $82.8K a year
"Senior Business Intelligence Analyst, Personalization",Spotify,4.3,"Remote in New York, NY",Estimated $117K   $148K a year
Client Reporting & Analytics Associate,Neuberger Berman,3.8,"New York, NY",Estimated $67.8K   $85.8K a year
"Data Engineering Director, Analytics (Messenger)",Facebook App,4.1,"New York, NY",
"Business Analyst, Product Analytics & Intelligence",LendingPoint LLC,2.9,"New York, NY",Estimated $87.5K   $111K a year
Senior Analytics Engineer | Risk,,,"Remote in New York, NY",Estimated $112K   $141K a year
Quantitative Researcher (Associate),,,"New York, NY",Estimated $46.7K   $59.1K a year
Analyst-Risk & Info Management,Amex,4.1,"New York, NY",
Senior Analytics Engineer,Quit Genius,5,"Remote in New York, NY",Estimated $150K   $190K a year
Fulfillment Planning Analyst,Pearson,3.7,"Remote in Hoboken, NJ",
Analyst | Intergovernmental Relations,,,"Manhattan, NY",
Taxonomy Analyst,,,"New York, NY",
SAP Data & Analytics Senior Manager,PRICE WATERHOUSE COOPERS,4,"New York, NY",Estimated $139K   $176K a year
"Technical Program Manager, Systems and Analytics, Data Cente...",Google,4.3,"New York, NY",
"Director, Insurance Data Analytics - Remote",DW Simpson,4.5,"Remote in New York, NY",
Quantitative Analyst,Radian,3.5,"New York, NY",
Equity Analyst – Consumer Sector,Rockefeller Capital Management,4.3,"New York, NY",
"Director, Platform Operations",Bank of America,3.8,"New York, NY",
"Analyst, Affordable Acquisitions",Related Companies,3.2,"New York, NY",Estimated $48.1K   $60.9K a year
International Equity Analyst (LAM),Lazard Asset Management,3.6,"New York, NY",
Manager Partnership Data & Analytics,Madison Square Garden Entertainment,4,"New York, NY",Estimated $104K   $132K a year
Quantitative Research/Trading,,,"New York, NY",
"Manager, Budget and Financial Analysis",Columbia University,4.1,"Hybrid remote in New York, NY",
Data and Analytics - Data Visualization - Senior Associate,PRICE WATERHOUSE COOPERS,4,"New York, NY",Estimated $75.2K   $95.2K a year
Research Analyst,,,"Remote in New York, NY",Estimated $45.1K   $57.1K a year
Associate Analytics Sales Specialist,S&P Global,3.9,"New York, NY",
Associate Analytics Consultant,,,"New York, NY",
"Director, Insurance Data Analytics - Remote",DW Simpson,4.5,"Remote in New York, NY",
Know Your Client (KYC) Analyst - Associate,Deutsche Bank,3.8,"New York, NY",Estimated $61K   $77.2K a year
Special Initiatives Program Manager,,,"New York, NY",
"Director, Health Care Analytics- Clinical Operations and Dat...",Mount Sinai,3.8,"New York, NY",Estimated $153K   $194K a year
"Sr Manager, Business Operations",,,"New York, NY",Estimated $90.4K   $114K a year
Financial Analyst,Watson Dwyer,4.1,"New York, NY",
International Audience Deputy,The New York Times,4,"New York, NY",Estimated $89.9K   $114K a year
Analytics & Data Visualization Lead,,,"New York, NY",Estimated $81.7K   $103K a year
Analytics Supervisor,Crossmedia,4.3,"New York, NY",Estimated $69.7K   $88.3K a year
Quantitative Research - Core Analytics Development - Associa...,"JPMorgan Chase Bank, N.A.",3.9,"New York, NY",
Associate Data Engineer,,,"Manhattan, NY",
"Director, Competitive Intelligence",Pfizer,4.2,"New York, NY",Estimated $120K   $152K a year
Portfolio Surveillance Analyst - Parametric,Morgan Stanley,3.8,"New York, NY",
NA Institutional Equities Division Shared Analytics,Morgan Stanley,3.8,"New York, NY",
"Senior Analyst, People Insights (People-Field)",HelloFresh,3.1,"New York, NY",Estimated $68K   $86.2K a year
"Director, Insurance Data Analytics - Remote",DW Simpson,4.5,"Remote in New York, NY",
Strategy & Operations Analyst,,,"New York, NY",
Policy Analyst,COMMUNITY SERVICE SOCIETY OF NEW YORK,4.7,"New York, NY",Estimated $81.3K   $103K a year
Credit Research Analyst,"Aflac, Incorporated",3.5,"New York, NY",
Quantitative Research Analyst,,,"New York, NY",
Analytics Manager,,,"New York, NY",Estimated $96.8K   $123K a year
Mergers & Acquisitions - Data Analytics Advisory Manager,Deloitte,4,"New York, NY",
Quantitative Options Trader,,,"New York, NY",
People Analytics Manager - Learning Metrics,HealthFirst,3.4,"Hybrid remote in New York, NY",Estimated $82.4K   $104K a year
Automated Trading Strategies - Analyst,"JPMorgan Chase Bank, N.A.",3.9,"New York, NY",
"Analytics, Team Lead",,,"Hybrid remote in New York, NY",Estimated $90.5K   $115K a year
"Senior Product Owner, Data & Analytics Office",Federal Reserve Bank of New York,4.1,"New York, NY",
"Director, Analytics - Big","Horizon Media, Inc.",3.9,"New York, NY",Estimated $38.8K   $49.2K a year
IT Call Center Analyst,,,"New York, NY",
"Adjunct Associate Faculty, Applied Text & Natural Language A...",Columbia University,4.1,"New York, NY",
"Research Analyst, Data and Analytics",Precision,3.7,"New York, NY",Estimated $74.3K   $94.1K a year
Web Administrator,,,"Remote in Brooklyn, NY",Estimated $63.9K   $80.9K a year
"Director, Insurance Data Analytics - Remote",DW Simpson,4.5,"Remote in New York, NY",
"Sr. Manager, Revenue Analytics, Peacock",NBCUniversal,4,"New York, NY",Estimated $60.9K   $77.1K a year
Analyst | Children's Services (ACS),,,"Manhattan, NY",
Anti-Money Laundering (AML) Compliance Analyst - Experienced...,PRICE WATERHOUSE COOPERS,4,"New York, NY",Estimated $124K   $157K a year
Director of Client Strategy and Analytics,Blink Health,4.3,"New York, NY",Estimated $78.8K   $99.8K a year
"Analyst, Supply Chain Planning",HelloFresh,3.1,"New York, NY",Estimated $47K   $59.4K a year
Business Analytics Lead Analyst - Work from home - Evernorth,Cigna,3.7,"Remote in Franklin Lakes, NJ",
Finance Operations Analyst,,,"New York, NY",Estimated $55.9K   $70.7K a year
Digital Analytics Consultant,,,"Hybrid remote in New York, NY",Estimated $68.4K   $86.6K a year
DEI Associate,Lendlease,3.9,"New York, NY",Estimated $106K   $134K a year
Treasury Modeling and Analytics Quantitative Analyst - Vice...,Deutsche Bank,3.8,"New York, NY",Estimated $76.2K   $96.4K a year
Culinary Partner Support Representative,Cozymeal,3.9,"Remote in New York, NY",
"Senior/Lead/Staff Data Scientist, Strategy & Analytics",TikTok,3.4,"New York, NY",
Senior User Researcher,OkCupid,3.8,"New York, NY",
AFC Modelling - Tuning & Optimization- Vice President,Deutsche Bank,3.8,"New York, NY",Estimated $58.3K   $73.9K a year
"Director, Insurance Data Analytics - Remote",DW Simpson,4.5,"Remote in New York, NY",
"Team Lead/Manager, Portfolio and Collections Analytics",Bankers Healthcare Group,4.1,"New York, NY",
Associate Analytics & Media Manager,Amazon.com Services LLC,3.5,"New York, NY",
ASSOC-QUANT ANALYTICS,S&P Global,3.9,"New York, NY",
"People Research Scientist, People Analytics (Future of Work)",Facebook App,4.1,"New York, NY",Estimated $146K   $185K a year
Director - Global Transaction Analytics,Alvarez & Marsal,3.7,"New York, NY",Estimated $117K   $148K a year
Transportation Planner / Analyst Series,Metropolitan Transportation Authority,4,"Manhattan, NY",
Growth Marketing Analyst (Immediate and Summer 2022 Start Da...,Ampush,3.7,"New York, NY",Estimated $66.7K   $84.5K a year
"Executive Managing Producer, Weekend Perspective & Analysis,...",NBCUniversal,4,"New York, NY",
"Strategic Financial Analyst, Product Strategy, Finance",Google,4.3,"New York, NY",
Quantitative Analyst,,,"New York, NY",
Business Analyst,,,"New York, NY",
Associate Analyst - Industrials,Wells Fargo,3.7,"New York, NY",
Analyst Position in Business Selection & Conflicts Group,Bank of America,3.8,"New York, NY",
"Sr. Analyst, Analytics & Data Science",PMX Agency,3,"New York, NY",
Claims Analyst,Progyny,3.5,"New York, NY",
Collections Analyst,Medidata Solutions,3.6,"New York, NY",Estimated $57.3K   $72.5K a year
"Vice President, Analytics",Ketchum,3.8,"New York, NY",Estimated $41.7K   $52.7K a year
Chief Information Officer,,,"New York, NY",
"Analyst Relations Associate, Corporate AR & IBM Research",IBM,3.9,"Remote in New York, NY",
"Director, Data Analytics",,,"New York, NY",Estimated $153K   $194K a year
"Business Associate, Dashboard Analytics",Med-Metrix,2.7,"Parsippany, NJ",Estimated $74.5K   $94.3K a year
"Analyst, Media Analytics",3Q Digital,4.2,"Hybrid remote in New York, NY",Estimated $55.3K   $70.1K a year
Analytics Tracking Engineer,ViacomCBS,3.9,"New York, NY",Estimated $81.4K   $103K a year
"Senior Analyst, Finance- the Americas",Tiffany & Co,3.7,"New York, NY",Estimated $52K   $65.8K a year
"Manager, Data Analytics",VaynerMedia LLC,3.4,"New York, NY",Estimated $133K   $169K a year
Treasury Analytics - Risk Control and Governance Specialist,UBS,3.8,"New York, NY",Estimated $54.9K   $69.5K a year
"Director, Insurance Data Analytics - Remote",DW Simpson,4.5,"Remote in New York, NY",
Laderach Junior Financial Analyst,,,"New York, NY",
"Marketing Manager, Customer Success & Analytics",Oxford University Press,3.9,"New York, NY",Estimated $76.5K   $96.9K a year
"Director, People Analytics & Insights",Cardinal Health,3.5,"New York, NY",
"Deputy Commissioner, Management Analysis & Planning",,,"Queens, NY",
Analytics and Reporting Specialist,Citi,3.9,"New York, NY",Estimated $71.2K   $90.2K a year
"Investment Banking Analyst - Technology, Media & Telecom (TM...",UBS,3.8,"New York, NY",
QUANTITATIVE ANALYST,Bayview Asset Management,3.4,"New York, NY",
Middle Office Analyst - Crypto,Hudson River Trading,3.5,"New York, NY",Estimated $66.7K   $84.5K a year
Associate Product Analyst (France),Glassdoor,4.1,"New York, NY",
Senior Corporate Credit Analyst,,,"New York, NY",
Business Manager - Commercial Credit Risk & Analytics,Capital One - US,3.9,"New York, NY",
Full Time Rotational Analyst Program 2022,Lloyds Banking Group,3.8,"New York, NY",
"Analyst - eTrading, Global Foreign Exchange, TD Securities",TD Bank,3.8,"New York, NY",
(Remote) Head of Marketing Analytics,Hopper,3.6,"Remote in New York, NY",Estimated $102K   $129K a year
Corporate Risk Analyst,Related Companies,3.2,"New York, NY",Estimated $52.8K   $66.8K a year
Anti-Financial Crime Modeling - Tuning & Optimization - Vice...,,,"New York, NY",
Data Analyst - Internal Audit and Risk Control,TikTok,3.4,"New York, NY",Estimated $98.7K   $125K a year
"Director, Insurance Data Analytics - Remote",DW Simpson,4.5,"Remote in New York, NY",
"Manager, Marketing Analytics",SiriusXM,3.5,"New York, NY",Estimated $95.5K   $121K a year
Digital Banking Rotational Strategy Analyst (Undergraduate C...,Customers Bank,3.5,"New York, NY",Estimated $102K   $129K a year
"Senior Specialist, Market Research & Analytics",Merck,4.1,"Kenilworth, NJ",Estimated $83.9K   $106K a year
Director of Analytics,Thinx,3,"New York, NY",Estimated $68K   $86.2K a year
FP&A Marketing Analyst,,,"New York, NY",
Technology Support Analyst (New York),BlackRock,3.8,"New York, NY",Estimated $51.8K   $65.6K a year
Watson Health – Client Executive – Health Insights,IBM,3.9,"New York, NY",
"Staff Software Engineer, Geo Batch Data Access",Google,4.3,"Hybrid remote in New York, NY",
Analyst | Citywide Savings,,,"Manhattan, NY",
Contracts Administrator,Thermo Fisher Scientific,3.5,"Remote in New York, NY",Estimated $71.2K   $90.2K a year
"Career Placement Officer, Business Analytics",Columbia University,4.1,"New York, NY",Estimated $44.8K   $56.8K a year
HRIS Analyst - Temporary / Contract,Colgate-Palmolive,4.3,"Remote in New York, NY",Estimated $75.9K   $96.1K a year
"Director, Insurance Data Analytics - Remote",DW Simpson,4.5,"Remote in New York, NY",
Junior Customer Success Analyst,"comScore, Inc.",3.3,"New York, NY",Estimated $60.5K   $76.7K a year
Data Scientist,,,"Manhattan, NY",
"Senior Associate, Advanced Analytics",New York Life Insurance Co,3.7,"Jersey City, NJ",Estimated $80.2K   $102K a year
"Finance, Summer Analyst, New York, NY (North America - 2022)",Citi,3.9,"New York, NY",Estimated $44.7K   $56.5K a year
Finance Analyst,Burberry,3.7,"New York, NY",
"Analyst, PRT",Global Atlantic Financial Group,3.2,"New York, NY",Estimated $69K   $87.4K a year
Analyst-Product Development,Amex,4.1,"New York, NY",Estimated $59.3K   $75.1K a year
"University Associate, Analytics & Data Strategy",Ankura,2.8,"New York, NY",Estimated $75.9K   $96.1K a year
Macro Strategy Analyst,AllianceBernstein,3.5,"New York, NY",Estimated $97.3K   $123K a year
Financial Quantitative Analyst,Latham & Watkins LLP,4.2,"New York, NY",
Acquisitions Editor,Oxford University Press,3.9,"Remote in New York, NY",
Budget and Finance Analyst,Columbia University,4.1,"New York, NY",
Data Analytics Consulting Associate,PRICE WATERHOUSE COOPERS,4,"New York, NY",Estimated $80.4K   $102K a year
Workforce Strategy Analyst,Meta,4.1,"New York, NY",Estimated $54.1K   $68.5K a year
"Director, Insurance Data Analytics - Remote",DW Simpson,4.5,"Remote in New York, NY",
FIF Analyst,Barclays,3.9,"New York, NY",Estimated $46.8K   $59.2K a year
Lead Analytic Consultant (Open to remote in the U.S.),Experian,3.8,"Remote in New York, NY",Estimated $116K   $147K a year
"Associate, Strategy, Business Operations, Analytics, and Fin...",YouTube,4.4,"New York, NY",
Trading & Operations Analyst,,,"New York, NY",Estimated $48.2K   $61K a year
Senior Manager Data Analytics,Endeavor,4.1,"New York, NY",Estimated $102K   $130K a year
Principal Court Analyst,,,"Brooklyn, NY",
"Manager, People & Workforce Analytics",Wework,3.3,"New York, NY",Estimated $76.6K   $97K a year
"Senior Strategy Analyst, Cross Border",Visa,3.9,"New York, NY",Estimated $80.4K   $102K a year
Analyst Series Payroll Buses,Metropolitan Transportation Authority,4,"Queens, NY",
2022 Operations Summer Analyst Program (New York),Société Générale,3.9,"New York, NY",Estimated $42.6K   $54K a year
Blockchain Analyst,,,"New York, NY",Estimated $52.1K   $65.9K a year
Product Manager (Mayor's Office for Economic Opportunity),,,"Brooklyn, NY",
"Analyst, Financial Reporting",Foot Locker,3.9,"New York, NY",Estimated $52.2K   $66K a year
"Vice President, Analytics",Zenith,3.8,"New York, NY",Estimated $80.2K   $102K a year
Charge Entry Analyst,Jamaica Hospital Medical Center,3.8,"Richmond Hill, NY",
"Analyst, Data & Analytics",Omnicom Health Group,3.7,"New York, NY",Estimated $64K   $81K a year
"Director, Product Analytics",Zocdoc,3.4,"New York, NY",Estimated $98.2K   $124K a year
Associate Training Officer,United Nations,4.4,"New York, NY",Estimated $45.3K   $57.3K a year
"Manager, Marketing Data & Analytics",,,"New York, NY",
Analytics Analyst II,Horizon Blue Cross Blue Shield of New Jersey,3.9,"Newark, NJ",Estimated $64.4K   $81.6K a year
Digital Content Reporting Lead,the NBA,4.2,"New York, NY",Estimated $96.4K   $122K a year
Tax Operations Analyst,Morgan Stanley,3.8,"New York, NY",
"Policy Advisor, Environmental Justice",NYC Office Of The Mayor,3.2,"New York, NY",Estimated $56.9K   $72.1K a year
"Associate Director, Analytics",The College Board,3.9,"New York, NY",Estimated $47K   $59.6K a year
"Oliver Wyman Forum - Senior Analyst, Climate & Sustainabilit...",Oliver Wyman Group,4,"New York, NY",Estimated $71.7K   $90.7K a year
Category Reporting Analyst,Tiffany & Co,3.7,"New York, NY",Estimated $46.2K   $58.6K a year
Business Analyst,,,"New York, NY",Estimated $87.5K   $111K a year
Principal PM Manager,Microsoft,4.2,"New York, NY",
CHEMIST,,,"Queens, NY",
"Analyst, Sales & Customer Analytics",HealthFirst,3.4,"New York, NY",
Securitized Products Quantitative Researcher,MSCI Inc,3.9,"Hybrid remote in New York, NY",
"Partner Engineer, YouTube TV and Media Operations",Google,4.3,"New York, NY",Estimated $80.3K   $102K a year
"Analytics Engineer, Personalization",Spotify,4.3,"New York, NY",Estimated $92K   $117K a year
Senior Market Research Analyst - Advanced Analytics,,,"Hoboken, NJ",Estimated $83.8K   $106K a year
"Jr. Analyst, Client Management",Novus,3.8,"New York, NY",Estimated $58.5K   $74.1K a year
Researcher - Quantitative Finance (New-York),,,"New York, NY",
Feasibility Analyst,Mandarin Oriental Hotel Group,4.1,"New York, NY",Estimated $64.3K   $81.5K a year
"Sr. Manager, Future DSP Program",Amazon.com Services LLC,3.5,"New York, NY",
"Equity Research Analyst/Associate Asset Managers, Brokers an...",Morgan Stanley,3.8,"New York, NY",
Analytics Associate Director,Spark Foundry,3.3,"New York, NY",Estimated $86.3K   $109K a year
Strategic Growth Manager - Strategy & Analytics,Deloitte,4,"New York, NY",Estimated $92.3K   $117K a year
Analyst-Payroll,Columbia University,4.1,"Manhattanville, NY",Estimated $48.1K   $60.9K a year
Data Analytics Lead,UBS,3.8,"New York, NY",Estimated $81.6K   $103K a year
Data Engineer,The New York Times,4,"New York, NY",Estimated $110K   $139K a year
"Director, Insurance Data Analytics - Remote",DW Simpson,4.5,"Remote in New York, NY",
OHS Business Analyst,Metropolitan Transportation Authority,4,"Manhattan, NY",
Planner/Inventory Analyst - Baby + Kids,Choice Associates,3.5,"New York, NY",
"Technical Product Owner, Peacock",NBCUniversal,4,"New York, NY",
Business Analytics Lead,,,"New York, NY",Estimated $44.4K   $56.2K a year
Investment Banking Analyst-Restructuring,Piper Sandler,3.9,"New York, NY",
"Associate Manager, Sourcing Operations & Analytics",J.Crew,3.8,"New York, NY",
Mortgage Analyst,,,"New York, NY",
"Customer Engineer, Data & AI",Microsoft,4.2,"New York, NY",
"Manager, Digital Analytics",Zenith,3.8,"New York, NY",Estimated $67.9K   $85.9K a year
Marketing Analytics Team Lead,the NBA,4.2,"New York, NY",Estimated $94.3K   $119K a year
"Manager, Analytics - Client Engagement",The NPD Group,3.3,"Port Washington, NY",Estimated $102K   $130K a year
JR ANALYST,Bayview Asset Management,3.4,"Remote in New York, NY",Estimated $60.3K   $76.3K a year
"DIRECTOR, DATA & ANALYTICS",Evoke Health,4.5,"New York, NY",Estimated $158K   $201K a year
"Director, Insurance Data Analytics - Remote",DW Simpson,4.5,"Remote in New York, NY",
Quantitative Researcher,,,"New York, NY",
Commercial Analyst,Related Companies,3.2,"New York, NY",Estimated $45.1K   $57.1K a year
Social Media Analyst Trainee,,,"New York, NY",
Associate,Morgan Stanley,3.8,"New York, NY",Estimated $104K   $132K a year
Sales Planning & Analytics Analyst,Abbvie,4,"Madison, NJ",
"Investor Support Analyst, Associate - Brooklyn NY or Newark...","JPMorgan Chase Bank, N.A.",3.9,"Brooklyn, NY",
Manager – Brand Business Development & Sales Analytics,L'Oreal,4.1,"New York, NY",
Junior Analyst,Siegel+Gale,3.4,"New York, NY",Estimated $58.3K   $73.9K a year
Analyst,Hill+Knowlton Strategies,4,"Remote in New York, NY",Estimated $49.7K   $62.9K a year
"Senior Analyst, Online Business Analytics (Remote)",Home Depot / THD,3.7,"Remote in New York, NY",Estimated $72.9K   $92.3K a year
"Business Manager, Direct Mail & Prospect Analytics",Fundbox,4.3,"New York, NY",Estimated $94.5K   $120K a year
Business Analyst,HSBC,4,"New York, NY",Estimated $73.5K   $93.1K a year
Quantitative Analyst – Interest Rates,Mizuho Americas,3.3,"New York, NY",
"Operations Process Manager, Go-To-Market (TikTok Creator Mar...",TikTok,3.4,"New York, NY",Estimated $81.2K   $103K a year
"Director, Insurance Data Analytics - Remote",DW Simpson,4.5,"Remote in New York, NY",
Analytics Product Manager,MSCI Inc,3.9,"Hybrid remote in New York, NY",Estimated $91.5K   $116K a year
Strategy and Operations Lead - Evens,Thirty Madison,5,"New York, NY",Estimated $135K   $170K a year
Sr. Analyst/ Manager - AppExchange Business Analytics,Salesforce,4.3,"New York, NY",Estimated $65.8K   $83.4K a year
AWM - Treasury Pricing & Portfolio Analytics - Associate,"JPMorgan Chase Bank, N.A.",3.9,"New York, NY",
Analytics BI Lead,Citi,3.9,"Jersey City, NJ",Estimated $61.4K   $77.8K a year
Data Analyst - PJT Park Hill,PJT Partners,3.3,"New York, NY",Estimated $53K   $67.2K a year
"Manager, Strategy, Planning & Analytics",,,"New York, NY",Estimated $80.4K   $102K a year
Quantitative Researcher - Credit,Hudson River Trading,3.5,"New York, NY",
Operations Analyst (Entry Level),"Nomura Holdings, Inc.",3.9,"New York, NY",Estimated $40.9K   $51.7K a year
"Analyst, Development (Affordable Housing)",,,"Manhattan, NY",Estimated $75.5K   $95.5K a year
"Analyst, Analytics",,,"New York, NY",Estimated $54K   $68.4K a year
Investment Analyst,,,"New York, NY",
"Data Scientist, Talent Analytics & Reporting",Ross Stores,3.4,"New York, NY",
"Quantitative Business Analyst, Analytics and Decision Suppor...",YouTube,4.4,"New York, NY",
Data Analyst Consultant,IBD,4.4,"Brooklyn, NY",
Entry Level Business Analyst,,,"Jersey City, NJ",
"Entry Level Recruiter - Analyst Program - January 2022, Aust...",,,"New York, NY",Estimated $60K   $76K a year
Central Risk Book - Quant,Morgan Stanley,3.8,"New York, NY",Estimated $40.7K   $51.5K a year
Command Center Analyst - II,Digital Realty,3.5,"New York, NY",Estimated $89.6K   $113K a year
Director of Marketing Analytics,Duolingo,4,"New York, NY",Estimated $133K   $169K a year
Analytics Manager,Hearst Media Services,3.5,"New York, NY",Estimated $96.1K   $122K a year
Macroeconomic and Thematic Analyst,Morgan Stanley,3.8,"New York, NY",Estimated $63.9K   $80.9K a year
Strategic Indices Trader - Analyst / Associate,"JPMorgan Chase Bank, N.A.",3.9,"New York, NY",
Quantitative Analyst,RBC,4,"New York, NY",
Quantitative Strategy Analyst,,,"New York, NY",
Financial Planning & Analysis Manager,,,"New York, NY",
"NAM Risk Management, Summer Analyst - New York City (North A...",Citi,3.9,"New York, NY",
Production Engineer (University Grad),Meta,4.1,"New York, NY",Estimated $98K   $124K a year
Audit Analytics Senior Specialist,Deloitte,4,"New York, NY",Estimated $97.1K   $123K a year
VP Talent,Spring Health,3.3,"Remote in New York, NY",
Policy Analyst,,,"New York, NY",Estimated $66.1K   $83.7K a year
"Director, PSS Program Insights & Analytics – Neuroscience",Novartis,4.1,"East Hanover, NJ",Estimated $107K   $135K a year
Quantitative Analysis and Portfolio Construction - Fund of H...,"JPMorgan Chase Bank, N.A.",3.9,"New York, NY",
Student Financial Analyst,The City University of New York (CUNY),3.9,"New York, NY",
Equities Junior Analyst,Millennium Management LLC,4.1,"New York, NY",
"Director, Analytics",IPG Mediabrands,3.7,"New York, NY",Estimated $30.4K   $38.6K a year
Analyst: Contracting Officer | Contract Administration,,,"Manhattan, NY",
Analyst,,,"New York, NY",Estimated $99.9K   $126K a year
"Technical Analytics Associate, Marketing Automation, Google...",Google,4.3,"New York, NY",
Branch Analyst Program,Morgan Stanley,3.8,"New York, NY",
Investment Banking Media & Communications Analyst - New York,Morgan Stanley,3.8,"New York, NY",
Manager - Product Innovation and Analytics,Amex,4.1,"New York, NY",Estimated $61.3K   $77.7K a year
Seller Marketing Analytics Lead,Meta,4.1,"New York, NY",Estimated $107K   $136K a year
"Manager, Performance Marketing Analytics",The Estée Lauder Companies,4.1,"New York, NY",Estimated $80.1K   $101K a year
User Acceptance Testing (UAT) Specialist,Federal Reserve Bank of New York,4.1,"New York, NY",
144: Product Analyst,,,"New York, NY",
"Investment Banking Analyst, FIG","Jefferies & Company, Inc.",3.7,"New York, NY",
Analyst - Mergers & Acquisitions,Rothschild & Co,4.3,"New York, NY",
Senior Product Analytics Lead,Braintrust,4.5,"Remote in New York, NY",
Marketing Email Automation & Analytics,,,"New York, NY",
SQL Data Analyst,Laufer Group International,3.1,"New York, NY",
Program Manager,Amazon.com Services LLC,3.5,"New York, NY",
"Group Director, Internal Audit",Chanel,4.1,"New York, NY",Estimated $110K   $139K a year
"Quality Reporting & Analytics Specialist, Customer Retention...",ConnectiCare,3.3,"New York, NY",Estimated $48.7K   $61.7K a year
AUDITOR (Temporary Job Opening) [Temporary],United Nations,4.4,"New York, NY",Estimated $71.7K   $90.9K a year
"Administrative Assistant, Data & Analytics",The Estée Lauder Companies,4.1,"Long Island City, NY",Estimated $34.9K   $44.1K a year
Compliance Analyst,Fortress Investment Group LLC,4.4,"New York, NY",Estimated $71.1K   $90.1K a year
Business Analyst,,,"New York, NY",Estimated $72.1K   $91.3K a year
Sage 500 support Consultant,,,"Remote in New York, NY",
Corporate Development Analyst,Wiley,3.8,"Hoboken, NJ",Estimated $71.4K   $90.4K a year
SEO Analyst (Remote),,,"Remote in New York, NY",
"Senior Analyst, Global Workforce Analytics",The Estée Lauder Companies,4.1,"Remote in Long Island City, NY",Estimated $76.2K   $96.4K a year
Sr Healthcare Analyst - Risk Model Analytics,HealthFirst,3.4,"New York, NY",
Analytics QA Engineer,CBS,3.9,"New York, NY",
Lead Analytics Developer,TIAA,3.7,"New York, NY",
Senior Director - Investment Analytics,New York Life Insurance Co,3.7,"Hybrid remote in New York, NY",Estimated $82.4K   $104K a year
"Customer Solutions Engineer, Looker, Google Cloud",Google,4.3,"New York, NY",Estimated $84.1K   $106K a year
Quantitative Researcher,,,"New York, NY",Estimated $60.5K   $76.5K a year
"Business Data Scientist, Google Customer Solutions",Google,4.3,"New York, NY",
Sustainability Analyst,HelloFresh,3.1,"New York, NY",Estimated $45.8K   $58K a year
Senior Data Analytics Manager - Join a $40B Industry Leader!,Thermo Fisher Scientific,3.5,"Remote in New York, NY",Estimated $88.5K   $112K a year
SEM Analyst (Start Date: June 2022),GeistM,4,"Hybrid remote in New York, NY",
Analyst - 2022 Analyst Program,,,"New York, NY",Estimated $62.6K   $79.2K a year
"Assistant Director, Learning and Development",Columbia University,4.1,"Manhattanville, NY",
"Director, Insurance Data Analytics - Remote",DW Simpson,4.5,"Remote in New York, NY",
Payment Intelligence Clinical Coder,AArete,5,"Remote in New York, NY",
IT Support Analyst,BrandEd,3.6,"New York, NY",
Senior Consultant - Data & Analytics,,,"New York, NY",
Director of Financial Planning & Analysis,,,"New York, NY",
Senior Executive Support Analyst,Visa,3.9,"New York, NY",Estimated $79.8K   $101K a year
People Analytics Engineer,Hudson River Trading,3.5,"New York, NY",Estimated $64K   $81K a year
Anti Money Laundering Compliance Analyst,,,"New York, NY",Estimated $87.5K   $111K a year
"Senior Analyst, Payment Methods Analytics",Klarna,3.8,"New York, NY",Estimated $74.7K   $94.5K a year
Research Analyst (NFT Market),,,"New York, NY",Estimated $72.2K   $91.4K a year
"Associate UX Researcher, New Graduate",Duolingo,4,"New York, NY",
Service Desk Analyst (Systems Analyst (EDP)) Enterprise Supp...,NYC Health + Hospitals,3.8,"New York, NY",
Business Intelligence Analyst (Remote),Spruce,3.7,"Remote in New York, NY",Estimated $82.6K   $105K a year
Analyst,,,"New York, NY",Estimated $70K   $88.6K a year
"Lead Data Scientist, Marketing Analytics",Spotify,4.3,"Remote in New York, NY",
Analytics Engineering Lead,Starry,3.5,"New York, NY",Estimated $107K   $135K a year
Financial Crimes- Fraud Analytics- Senior Manager,PRICE WATERHOUSE COOPERS,4,"New York, NY",Estimated $92.7K   $117K a year
Credit Risk Analyst (Mid Level),,,"New York, NY",
"Manager, Measurement and Analytics",,,"New York, NY",Estimated $57.4K   $72.6K a year
Marketing Finance Analyst,William Grant & Sons France,3.6,"New York, NY",
"Manager, Media Analytics",Acronym,3.5,"Temporarily Remote in New York, NY",Estimated $50.6K   $64K a year
"User Experience Researcher, Alphabet Security",Google,4.3,"New York, NY",
"Director, US Brand Strategy, Vyndamax",Pfizer,4.2,"New York, NY",
Reporting Analyst,Morgan Stanley,3.8,"New York, NY",Estimated $57.9K   $73.3K a year
Senior Analyst for COVID Response Funding(Senior Management...,NYC Health + Hospitals,3.8,"New York, NY",
Client Insights and Analytics Manager,Deloitte,4,"New York, NY",Estimated $83.1K   $105K a year
Jr. Data Analyst,,,"New York, NY",Estimated $72.5K   $91.9K a year
"Manager, Customer Analytics",Coach,4,"New York, NY",Estimated $52.5K   $66.5K a year
Compensation Analyst,HelloFresh,3.1,"New York, NY",Estimated $74.3K   $94.1K a year
Mainframe Developer,Morgan Stanley,3.8,"New York, NY",Estimated $104K   $131K a year
"BALENCIAGA Finance Analyst | Wayne, NJ",,,"Wayne, NJ",
Reporting and Resource Management,Morgan Stanley,3.8,"New York, NY",Estimated $92K   $117K a year
E-Discovery Analyst,"Fried, Frank, Harris, Shriver & Jacobson LLP",3.9,"New York, NY",
AP Analyst,Kings Harbor Multicare Center,4,"Bronx, NY",Estimated $53.9K   $68.3K a year
Senior Product Specialist (New York/Remote),,,"Remote in New York, NY",
Production Support,,,"New York, NY",
"Sr. Analyst, Customer & Commercial Analytics",Casper,3.7,"New York, NY",Estimated $46.3K   $58.7K a year
Business Analyst,,,"Jersey City, NJ",
"Senior Data Analyst, Finance Analytics",,,"New York, NY",Estimated $80.1K   $101K a year
"Sr. Director, People Analytics",Medidata Solutions,3.6,"New York, NY",Estimated $101K   $128K a year
Director of Analytics,Function of Beauty,2.3,"New York, NY",Estimated $96.8K   $123K a year
"Analyst, Portfolio Management",Related Companies,3.2,"New York, NY",
Business Analyst,,,"Brooklyn, NY",
Senior DeFi Researcher,,,"Manhattan, NY",Estimated $71.3K   $90.3K a year
Sr. Data Analyst - HR Analytics #PP,,,"Remote in New York, NY",
Provider Data Analyst,Visiting Nurse Service of New York,3.6,"Manhattan, NY",
Investment Banking Analyst – Equity Capital Markets,,,"New York, NY",
"Senior Product Manager, Digital Advertising and Home Service...",Realtor.com,3.3,"New York, NY",
App Store Marketing Data Scientist,Apple,4.2,"New York, NY",
QA Analyst,Fora Financial LLC,3.7,"New York, NY",
Senior Credit Analyst & Entry Level Associate Corporate Bank...,,,"New York, NY",
FP&A Analyst,Atalian Global Services,2.5,"Jersey City, NJ",
"Manager, Merchant Analytics",DoorDash,3.3,"New York, NY",
Private Equity Analyst,Access Staffing LLC,3.8,"New York, NY",
Product Analyst (remote),Matlen Silver,3.3,"Remote in New York, NY",Estimated $80.5K   $102K a year
Acquisitions and Asset Management Analyst,Panco Management,3.4,"New York, NY",
Business Analyst,ACS Solutions,4,"New York, NY",
Marketing Associate / Analyst - Entry Level,,,"Temporarily Remote in New York, NY",
Digital Data Analytics Specialist,Adecco,3.8,"New York, NY",
"Insider Threat & Data Security, Director - REMOTE",MUFG,3.4,"Remote in New York, NY",Estimated $173K   $219K a year
ALTERNATIVE INVESTMENTS ANALYST,,,"New York, NY",
SOC Analyst,Robert Half,3.9,"New York, NY",
Data Analytics Modeler,Insight Global,3.9,"New York, NY",
Senior Product Marketing Operations Manager,,,"New York, NY",
Marketing Analytics Assistant Director,CyberCoders,3.6,"New York, NY",
Influencer Analyst,Aquent,4,"New York, NY",Estimated $71.2K   $90.2K a year
Investment Banking Analyst/M&A,Vaco,3.7,"New Hyde Park, NY",
Senior Bank Fraud Prevention Consultant,,,Remote in United States,
Director of Customer Insights,AIP Publishing,4.3,"New York, NY",Estimated $89.3K   $113K a year
Associate Director of Informatics and Reporting,Ryan Health,3.4,"New York, NY",
Senior Receivable and Treasury Analyst,The New York Racing Association Inc.,3.2,"Ozone Park, NY",Estimated $57.4K   $72.6K a year
Encounter Data Analyst,,,"Lake Success, NY",Estimated $50.9K   $64.5K a year
Supply Chain Analyst,Wego Chemical Group,3.7,"Great Neck, NY",Estimated $49.9K   $63.1K a year
Conversational Designer,Project Management Institute,3.4,New York State,
"Solution Architect – Supply Chain, Oracle Cloud",,,"New York, NY",Estimated $80.8K   $102K a year
Multifamily SBL Production Analyst - NYC,Freddie Mac,3.8,"New York, NY",Estimated $56.6K   $71.6K a year
Senior Marketing Specialist / Analyst,,,"New York, NY",
Senior Solution Architect,RedPoint Global,2.5,"Remote in New York, NY",
Environmental Analyst,,,"New York, NY",
Data Analyst,New York City Department of Correction,3.4,"Queens, NY",
"Global Employee Relations - Reporting, Analytics, Controls &...",Citi,3.9,"New York, NY",Estimated $76.8K   $97.2K a year
"Senior Cross-Asset Derivatives Quant Analyst, Enterprise Pro...",Bloomberg,3.9,"New York, NY",
Replenishment / Buying Analyst - Perishables,Nassau Candy,2.9,"Hicksville, NY",
Ad Operations Manager,,,"Remote in New York, NY",
Middle or High School Special Education Teacher,Democracy Prep Public Schools,2.9,"New York, NY",Estimated $75.3K   $95.3K a year
HRIS Specialist,NJ Sharing Network,4,"New Providence, NJ",Estimated $72.5K   $91.9K a year
Business Analyst (Banking & Financial),,,"New York, NY",
Accounting Analyst,Magnolia Bakery,3.4,"New York, NY",
Senior Compensation Analyst,1199SEIU Benefit and Pension Funds,3.9,"New York, NY",Estimated $68.3K   $86.5K a year
"Senior Data Engineer, Content",,,"New York, NY",Estimated $122K   $155K a year
Operations Analyst,,,"Jersey City, NJ",
Data Analyst,Doximity,4.8,Remote in New York State,Estimated $70.2K   $89K a year
Staff Business Data Analyst,Intuit,4.2,"New York, NY",Estimated $102K   $129K a year
Director Franchise Development CPGP,"Parks, Experiences and Products",4.2,"New York, NY",
Marketplace Quality Analyst,Comcast,3.7,"New York, NY",
"Senior Product Manager, DataCloud (Big Data & Analytics)",ADP,3.8,"Parsippany, NJ",
"Group Manager, Engineering, Product Experiences",LegalZoom,3.4,"New York, NY",
Business System Analyst II,1199SEIU Benefit and Pension Funds,3.9,"New York, NY",Estimated $70.8K   $89.6K a year
Sr Analyst-Business Planning,"Parks, Experiences and Products",4.2,"New York, NY",
Financial Analyst,1199SEIU Training and Employment Funds,3.9,"New York, NY",
Product Specialist,Party City,3.6,"Hybrid remote in Elmsford, NY",
ETL Architect,,,New York State,
"Head, ShinrAI Center for Artificial Intelligence/ Machine Le...",Takeda Pharmaceutical,3.7,"New York, NY",
Product Owner,Brooksource,3.7,"Temporarily Remote in New York, NY",
Marketing Analyst,,,"Parsippany, NJ",
Knowledge Management Reference Librarian (Legal),,,"Newark, NJ",
Senior Financial Analyst,,,"New York, NY",
Accounts Payable Analyst,,,"Syosset, NY",Estimated $46.7K   $59.1K a year
Medical Claims Analyst,Archcare,2.6,"New York, NY",
Senior Actuarial Analyst,DoorDash,3.3,"New York, NY",
Data Analyst,1199SEIU Training and Employment Funds,3.9,"New York, NY",Estimated $68.3K   $86.5K a year
"Senior Software Engineer, Engineering Data Strategy",,,"New York, NY",Estimated $128K   $162K a year
Senior Revenue Data Analyst,DoorDash,3.3,"New York, NY",
Sales Analyst,,,"Syosset, NY",
IT Project Manager,MVP Health Care,3.3,"Remote in New York, NY",
Financial Analyst - Boutique Investment Bank,Michael Page,3.5,"Manhattan, NY",
Supply Chain Analyst,Atrium Staffing,3.8,"Iselin, NJ",
Appeals and Grievances Medical Director - Medicare Appeals -...,UnitedHealth Group,3.6,"Remote in New York, NY",
"Product Director, News Platforms",Dow Jones,3.9,"New York, NY",
Health Plan Product Analyst,Visiting Nurse Service of New York,3.6,"Manhattan, NY",Estimated $48.4K   $61.2K a year
Lead Financial Analyst,Guardian Life Insurance Company,3.6,"New York, NY",
"Scientist, QC Flow Cytometry - Cell Therapy",Bristol Myers Squibb,4.2,"Summit, NJ",Estimated $72.2K   $91.4K a year
Financial Planning and Analysis Analyst,Michael Page,3.5,"Hybrid remote in New York, NY",
Compliance Staff Business Data Analyst,Intuit,4.2,"New York, NY",Estimated $85.5K   $108K a year
Junior Security Analyst,Ascendo Resources,3.3,"New York, NY",
Operation Analyst,DISYS,3.5,"Jersey City, NJ",
"Senior Associate, Growth Marketing, Consumer",DoorDash,3.3,"New York, NY",
Sales Commission Analyst,Kforce,3.8,"New York, NY",
Senior Financial Analyst,Tatum by Randstad,3.7,"New York, NY",
FinOps Cloud Engineer (Immediate Interview),,,"Jersey City, NJ",
"Sr. Data Scientist, ML Model Evaluation - Apple Media Produc...",Apple,4.2,"New York, NY",
Senior Policy Analyst--US Regulatory Strategy,NATIONAL GRID CO USA (NE POWER),3.7,"Brooklyn, NY",Estimated $80.6K   $102K a year
"Financial Analyst, Data and Reporting - Nucleus Advisors",HighTower Advisors,2.8,"Remote in New York, NY",
ETL Architect - Matillion,NATIONAL GRID CO USA (NE POWER),3.7,"Brooklyn, NY",Estimated $116K   $146K a year
Software Implementation Specialist trading floor operations,,,"Remote in New York, NY",
Data analyst,Sanofi,4.1,"East Orange, NJ",Estimated $110K   $139K a year
Head of Quality Assurance and Business Data Management (R69),Sompo International,3.5,"Florham Park, NJ",
"Senior Consultant, Global Insurance Services | Forensic & Li...","FTI Consulting, Inc.",3.6,"New York, NY",Estimated $99.5K   $126K a year
Business Process Analyst,"Infinity Consulting Solutions, Inc.",2,"Long Island City, NY",
SQL Data Warehouse Developer,Ideal Image Development Corporation,2.5,"New York, NY",Estimated $100K   $127K a year
Valuation Analyst,The Execu|Search Group,3.8,"New York, NY",
QA Team Lead,TEKsystems,3.9,"New York, NY",
"Cyber Team Lead, Senior Manager",Capital One,3.9,"New York, NY",Estimated $109K   $138K a year
Client Management Analyst,The Execu|Search Group,3.8,"New York, NY",Estimated $41K   $52K a year
Security Solutions Analyst,NATIONAL GRID CO USA (NE POWER),3.7,"Sheepshead Bay, NY",Estimated $50.7K   $64.1K a year
Product Owner/Business Analyst,Capital Staffing Solutions,4.1,"Berkeley Heights, NJ",
FinTech Strategic Partnerships/Onboarding Analyst,CyberCoders,3.6,"Fort Lee, NJ",
Change Management Analyst,Kforce,3.8,"New York, NY",Estimated $93.7K   $119K a year
Network Engineer,,,"Manhattan, NY",Estimated $84.8K   $107K a year
Sr Threat Vulnerability Analyst,NYU Langone Health,4,"New York, NY",Estimated $86K   $109K a year
Information Technology - Project Manager,,,"Remote in New York, NY",
Senior Data Analyst,Onward Search,3.9,"New York, NY",Estimated $87.3K   $111K a year
Digital GRA Technical Expert - Registration & Submission,Sanofi,4.1,"Linden, NJ",Estimated $112K   $142K a year
"Product Marketing Director, Data and Analytics",Fiserv,3.4,"Short Hills, NJ",
Principal Software Architect,Citizens,3.4,"New York, NY",
Scientist - III (Senior) Scientist - III (Senior),On-Board Companies,2.8,"Kenilworth, NJ",
"Lead Data Scientist, Data Science",NATIONAL GRID CO USA (NE POWER),3.7,"Franklin Square, NY",
Risk & Controls Data Governance Senior Manager (C14/SVP),Citi,3.9,"New York, NY",
ICM - Business Risk & Controls MCA/RCSA Senior Analyst (AVP),Citi,3.9,"New York, NY",Estimated $88.2K   $112K a year
MRI Technical Consultant,,,"Remote in New York, NY",Estimated $87.7K   $111K a year
Sr NetSuite Consultant,,,"Remote in New York, NY",Estimated $125K   $158K a year
Business analyst with Fraud Experience,,,"Temporarily Remote in Iselin, NJ",
Email Marketing Analyst,Insight Global,3.9,"Temporarily Remote in New York, NY",
Systems Engineer,,,"Springfield, NJ",Estimated $78.1K   $98.9K a year
Senior Data Analyst,Harnham,4.6,"New York, NY",
Principal Go-To-Market Program Manager,Nuance,3.2,"New York, NY",
Senior Financial Analyst,The Execu|Search Group,3.8,"New York, NY",
Financial Planning & Analysis (FP&A) - Associate,,,"New York, NY",
Operation Accounting Analyst,Hired By Matrix,4.2,"New York, NY",Estimated $59.9K   $75.9K a year
Senior Reporting Engineer - Apple Media Products,Apple,4.2,"New York, NY",
Applied Behavior Analysis (ABA) Therapist,,,"Fair Lawn, NJ",
QC Analyst,Joule,4.3,"Orangeburg, NY",Estimated $74K   $93.6K a year
Data Security Analyst,Robert Half,3.9,"New York, NY",Estimated $82.4K   $104K a year
Salesforce Developer,FreedomCare,4.3,"Lake Success, NY",Estimated $89.2K   $113K a year
Marketing Analyst / Associate,The Execu|Search Group,3.8,"New York, NY",Estimated $60.7K   $76.9K a year
IT PMO Director (Remote),The Execu|Search Group,3.8,"Remote in Jersey City, NJ",
Senior Strategy & Operations Project Manager,MATRIX Resources,4,"New York, NY",
"Senior Analyst, Finance Services",NATIONAL GRID CO USA (NE POWER),3.7,"Elmhurst, NY",Estimated $107K   $135K a year
"Senior Manager, Safety Pharmacoepidemiology",Takeda Pharmaceutical,3.7,"New York, NY",
Data Engineer - Risk,nate,3.4,"New York, NY",Estimated $142K   $180K a year
Lead Telemetry Engineer,Wework,3.3,"New York, NY",Estimated $124K   $157K a year
IT Demand & Portfolio Manager,FERRERO,4,"Parsippany, NJ",
"Director, Proposal Development - East Rutherford, NJ",Hudson Group,3.2,"Bronx, NY",Estimated $91.8K   $116K a year
"Actuarial Consultant - Jersey City, NJ / Hybrid work arrange...",DW Simpson,4.5,"Hybrid remote in Jersey City, NJ",
Apps Development Group Manager,Citi,3.9,"Jersey City, NJ",Estimated $116K   $147K a year
Senior UX Designer,Ursus,4.9,"Remote in New York, NY",
Data Engineer - 701 (AWS & Python),,,"Remote in New York, NY",Estimated $119K   $150K a year
Compliance Analyst,Ian Martin,4,"Jersey City, NJ",Estimated $83K   $105K a year
REMOTE VP of Systems Engineering,CyberCoders,3.6,"Remote in New York, NY",
Senior Data Scientist,Visiting Nurse Service of New York,3.6,"Manhattan, NY",
Quality Control Analyst,Actalent,2.8,"Orangeburg, NY",
Competitive Pricing Analyst,Ricoh USA,3.4,"Parsippany, NJ",Estimated $32K   $40.6K a year
Senior Technology Business Systems Consultant,MATRIX Resources,4,"New York, NY",Estimated $98.1K   $124K a year
Quality Control Analyst,Kelly,3.8,"Hybrid remote in Long Island City, NY",
Senior Business Systems Analyst,Insight Global,3.9,"Berkeley Heights, NJ",Estimated $106K   $134K a year
Salesforce Admin,Insight Global,3.9,"Newark, NJ",Estimated $66.9K   $84.7K a year
Systems Engineer,Kforce,3.8,"New York, NY",Estimated $93.5K   $118K a year
Enterprise Payments Network SDET Principal,Northwestern Mutual,3.8,"New York, NY",
HRIS Analyst,Aston Carter,3.2,"Jamaica, NY",
Director of Data Science,Harnham,4.6,"New York, NY",
Sr. Project Manager,,,"Jersey City, NJ",
Jr. Systems Analyst/Test Engineer,Insight Global,3.9,"Harrison, NY",
Biostat Programmer,Joule,4.3,"Westwood, NJ",Estimated $72.9K   $92.3K a year
Desktop Support,"Softcom Systems, Inc",3.4,"Madison, NJ",
"Director, Product Management, Integrated Banking",Fiserv,3.4,"Short Hills, NJ",
DevSecOps Engineer,"Infinity Consulting Solutions, Inc.",2,"New York, NY",
Manager of Addressable Activation,Gables Search Group,5,"New York, NY",Estimated $61.7K   $78.1K a year
Python Principal Application Engineer - REMOTE OPPORTUNITY,,,"Remote in Jersey City, NJ",Estimated $140K   $177K a year
User Experience (UX) Designer,Robert Half,3.9,"Brooklyn, NY",
Senior Data Scientist,Harnham,4.6,"New York, NY",
Infrastructure Engineer - Intermediate,The Judge Group,3.6,"Jersey City, NJ",Estimated $109K   $138K a year
Developer Consultant,Hired By Matrix,4.2,"Newark, NJ",Estimated $98.5K   $125K a year
Manager of Campaign Management,,,"New York, NY",Estimated $44.3K   $56.1K a year
Technical Lead,CyberCoders,3.6,"Iselin, NJ",
IT Risk Advisory Services Senior Associate,The Execu|Search Group,3.8,"New York, NY",Estimated $74.7K   $94.7K a year
Agile Lead (Scrum Master),Trigyn,3.7,"Jersey City, NJ",
Technical Business Analyst,MATRIX Resources,4,"Jersey City, NJ",Estimated $107K   $135K a year
Lead Data Scientist,Harnham,4.6,"Remote in New York, NY",
Technical Solutions Architect,Matlen Silver,3.3,"Remote in Short Hills, NJ",
HRIS Workday Analyst,Hired By Matrix,4.2,"Woodcliff Lake, NJ",Estimated $59.4K   $75.2K a year
IT Senior Test Automation Engineer (Remote),The Execu|Search Group,3.8,"Remote in New York, NY",
Systems Engineer - Secret Clearance,,,"Clifton, NJ",Estimated $103K   $131K a year
Hardware Test Engineer/R&D Test Engineer,MWIDM Inc.,4.7,"Franklin Lakes, NJ",
"Senior Engineer/Scientist - Data Science and Engineering, Ce...",Bristol Myers Squibb,4.2,"Summit, NJ",
Market Research Senior Analysts,,,Hybrid remote in United States,
Business Tech Support Technician,MetroNet,3.8,Remote in United States,Estimated $31.9K   $40.5K a year
"Manager, Digital Analytics",KEEN Footwear,3.5,United States,Estimated $91.1K   $115K a year
Healthcare Analyst Senior,SSM Health,3.6,Remote in United States,
